DISTANCE_MA5,TEMPERATURE_MA5,TIME_MA5,RETRACAO_MA5,DISTANCE_MA1,TEMPERATURE_MA1,TIME_MA1,RETRACAO_MA1,DISTANCE_MA3,TEMPERATURE_MA3,TIME_MA3,RETRACAO_MA3
1042.04856,553.55,-155530.90004,1.00212,1041.5585416666659,554.0,-152443.92787500002,1.0035166666666673,1042.0159,553.9,-152977.79444,1.00221
1042.0186,553.65,-154900.27016,1.0022,1042.9204166666666,554.1,-151843.32799500006,0.9995891666666666,1042.00715,554.0,-152410.56122,1.00223
1042.12129,553.75,-154250.73251,1.00191,1043.1186111111108,554.2,-151342.82809500006,0.9990094444444444,1042.53252,554.1,-151876.69466,1.00071
1042.16994,553.85,-153616.76597,1.00176,1042.6808333333333,554.3,-150942.428175,1.000271666666667,1042.90662,554.2,-151376.19476,0.99962
1042.30923,553.95,-152956.10611,1.00136,1042.767222222222,554.4,-150542.02825500007,1.0000305555555555,1042.85556,554.3,-150942.42818,0.99977
1042.15587,554.05,-152282.09957,1.0018,1040.5400000000004,554.5,-150141.628335,1.006476666666667,1041.99602,554.4,-150542.02826,1.00226
1042.29823,554.15,-151743.22802,1.00139,1043.61875,554.6,-149841.32839500002,0.9975995833333332,1042.30866,554.5,-150174.995,1.00137
1042.50777,554.25,-151312.7981,1.00079,1043.384166666667,554.7,-149541.028455,0.9982633333333336,1042.51431,554.6,-149841.3284,1.00078
1042.38115,554.35,-150862.34819,1.00115,1041.6804166666664,554.8,-149040.528555,1.0032072916666672,1042.89444,554.7,-149474.29514,0.99969
1042.46498,554.46,-150421.90828,1.00091,1042.3808333333334,555.0,-148540.028655,1.0011741666666667,1042.48181,554.83333,-149040.52856,1.00088
1042.61129,554.57,-150001.48836,1.00049,1043.0216666666663,555.1,-148239.728715,0.9993045833333329,1042.36097,554.96667,-148606.76198,1.00123
1042.59594,554.68,-149591.07844,1.00054,1042.7669444444446,555.2,-147739.22881500007,1.0000261111111113,1042.72315,555.1,-148172.9954,1.00017
1042.60567,554.79,-149190.67852,1.00051,1043.2158333333336,555.3,-147338.82889500007,0.9987458333333332,1043.00148,555.2,-147772.59548,0.99936
1042.74396,554.9,-148800.2886,1.00011,1044.06375,555.4,-147038.528955,0.9963099999999998,1043.34884,555.3,-147372.19556,0.99836
1042.87786,555.01,-148409.89868,0.99973,1044.1062499999996,555.5,-146638.129035,0.9961891666666666,1043.79528,555.4,-147005.1623,0.99708
1043.08632,555.12,-148019.50876,0.99913,1042.6245833333332,555.6,-146237.72911500002,1.0004683333333333,1043.59819,555.5,-146638.12904,0.99766
1043.17069,555.23,-147619.10884,0.99889,1044.4624999999996,555.7,-145837.329195,0.9951766666666666,1043.73111,555.6,-146237.72912,0.99728
1043.01424,555.34,-147208.69892,0.99934,1041.8195833333332,555.8,-145436.929275,1.002770833333333,1042.96889,555.7,-145837.3292,0.99947
1043.07228,555.45,-146808.299,0.99916,1042.260833333333,555.9,-145036.529355,1.0014841666666665,1042.84764,555.8,-145436.92928,0.99981
1043.22186,555.55,-146417.90908,0.99873,1043.8766666666666,556.0,-144636.12943500007,0.9968520833333332,1042.65236,555.9,-145036.52936,1.00037
1043.14703,555.65,-146017.50916,0.99895,1042.273333333333,556.1,-144235.729515,1.00147875,1042.80361,556.0,-144636.12944,0.99994
1042.88442,555.75,-145637.12923,0.99971,1040.1408333333334,556.2,-143935.429575,1.0076133333333332,1042.09694,556.1,-144269.09618,1.00198
1042.57861,555.85,-145256.74931,1.00059,1040.1577777777775,556.3,-143535.029655,1.0075927777777778,1040.85731,556.2,-143902.06292,1.00556
1042.32713,555.96,-144846.33939,1.00132,1041.5488888888897,556.5,-142934.429775,1.0035511111111115,1040.61583,556.33333,-143468.29634,1.00625
1041.91304,556.07,-144425.91948,1.00251,1039.9654166666667,556.6,-142433.92987500006,1.0081533333333337,1040.55736,556.46667,-142967.79644,1.00643
1041.43117,556.18,-144015.50956,1.00392,1037.8058333333333,556.7,-142133.62993500006,1.01449,1039.77338,556.6,-142500.6632,1.00873
1041.23106,556.29,-143605.09964,1.00449,1042.4613888888887,556.8,-141733.23001499998,1.0009200000000005,1040.07755,556.7,-142100.26328,1.00785
1041.21656,556.4,-143184.67972,1.00453,1041.6745833333332,556.9,-141232.730115,1.0032016666666668,1040.64727,556.8,-141699.86336,1.0062
1041.18368,556.51,-142764.25981,1.00463,1041.932083333333,557.0,-140832.33019500002,1.0024520833333337,1042.02269,556.9,-141266.09678,1.00219
1040.91585,556.62,-142343.83989,1.0054,1041.198333333333,557.1,-140431.930275,1.00457,1041.60167,557.0,-140832.3302,1.00341
1040.77564,556.73,-141923.41998,1.00581,1040.87125,557.2,-140031.530355,1.00554125,1041.33389,557.1,-140431.93028,1.00419
1040.84581,556.84,-141503.00006,1.00561,1040.8425000000002,557.3,-139731.230415,1.0056,1040.97069,557.2,-140064.89702,1.00524
1040.98674,556.95,-140907.40518,1.0052,1041.5670833333336,557.4,-137579.08084500002,1.0035243750000005,1041.09361,557.3,-139113.94721,1.00489
1040.97391,557.05,-140061.56035,1.00524,1041.4206250000002,557.5,-134475.98146500002,1.0039340625000004,1041.27674,557.4,-137262.09758,1.00435
1041.09413,557.15,-139226.28163,1.00489,1041.1675925925929,557.6,-134081.14265500006,1.0046710185185186,1041.3851,557.5,-135378.73499,1.00404
1041.44402,557.25,-138320.37681,1.00387,1041.3047916666662,557.7,-133074.581745,1.0042820833333337,1041.29767,557.6,-133877.23529,1.0043
1041.32004,557.35,-137477.03448,1.00423,1041.2215625,557.8,-133299.8067,1.004512604166667,1041.23132,557.7,-133485.17703,1.00449
1041.36889,557.45,-136623.32465,1.00409,1042.163095238096,557.9,-132695.6318207143,1.0017853571428579,1041.56315,557.8,-133023.34009,1.00353
1041.26598,557.55,-136128.83075,1.00439,1040.9029166666674,558.0,-135887.39118300006,1.0054329166666676,1041.42919,557.9,-133960.94323,1.00391
1041.32954,557.65,-135237.94092,1.0042,1041.8340000000003,558.1,-131523.03205500002,1.0027476666666673,1041.63334,558.0,-133368.68502,1.00332
1041.36325,557.75,-134086.79115,1.0041,1041.2083333333333,558.2,-128520.03265499999,1.0045433333333331,1041.31508,558.1,-131976.81863,1.00424
1041.33533,557.85,-132925.63139,1.00418,1040.5633333333335,558.3,-128119.63273500002,1.0064127777777785,1041.20189,558.2,-129387.56582,1.00457
1041.23417,557.96,-131929.63658,1.00448,1040.5554166666668,558.5,-127619.132835,1.0064479166666669,1040.77569,558.33333,-128086.26608,1.0058
1041.2546,558.07,-131213.92173,1.00442,1041.6249999999998,558.6,-127318.832895,1.0033341666666666,1040.91458,558.46667,-127685.86616,1.0054
1041.23121,558.18,-130497.65076,1.00448,1040.9336111111106,558.7,-126918.432975,1.005338888888889,1041.03801,558.6,-127285.46624,1.00504
1041.10348,558.29,-129841.99589,1.00485,1040.0275,558.8,-126518.03305499999,1.0079816666666668,1040.86204,558.7,-126918.43298,1.00555
1041.03207,558.4,-129143.79853,1.00506,1040.5075,558.9,-126317.833095,1.0065658333333332,1040.48954,558.8,-126584.76638,1.00663
1040.94215,558.51,-128465.97867,1.00532,1041.2638888888887,559.0,-125917.433175,1.0043997222222223,1040.59963,558.9,-126251.09978,1.00632
1041.21986,558.62,-127428.94287,1.00452,1043.68,559.1,-125517.03325500002,0.9974016666666669,1041.81713,559.0,-125917.43318,1.00279
1041.19217,558.73,-126798.313,1.0046,1041.5570833333334,559.2,-125216.73331500002,1.0035354166666668,1042.16699,559.1,-125550.39992,1.00178
1041.20658,558.84,-126427.94307,1.00455,1041.3524999999997,559.3,-124816.33339499998,1.0041129166666665,1042.19653,559.2,-125183.36666,1.00168
1041.22883,558.96,-126037.55315,1.00449,1040.785833333333,559.5,-124215.733515,1.0057654166666676,1041.23181,559.33333,-124749.60008,1.00447
1041.21329,559.07,-125647.16323,1.00453,1040.4,559.6,-123715.23361500002,1.0068741666666663,1040.84611,559.46667,-124249.10018,1.00558
1040.93588,559.18,-125266.7833,1.00533,1038.8508333333332,559.7,-123515.033655,1.0113675000000002,1040.01222,559.6,-123815.3336,1.008
1040.90431,559.29,-124896.41338,1.00543,1040.6179166666664,559.8,-123214.73371500001,1.0062462499999998,1039.95625,559.7,-123481.667,1.00816
1040.91581,559.4,-124516.03345,1.00539,1040.1425000000004,559.9,-122714.23381500001,1.0076338888888892,1039.87042,559.8,-123148.0004,1.00842
1040.93922,559.52,-124105.62354,1.00532,1040.7416666666666,560.1,-122213.733915,1.0058758333333333,1040.50069,559.93333,-122714.23382,1.00659
1040.78079,559.64,-123695.21362,1.00578,1039.6795833333335,560.2,-121813.33399500001,1.0090054166666669,1040.18792,560.06667,-122247.10058,1.00751
1040.5885,559.76,-123274.7937,1.00634,1041.7570833333332,560.3,-121312.834095,1.0029429166666666,1040.72611,560.2,-121779.96734,1.00594
1040.39829,559.88,-122884.40378,1.00689,1039.655,560.4,-121312.834095,1.00907,1040.36389,560.3,-121479.6674,1.00701
1040.29338,560.0,-122473.99386,1.00719,1040.303333333333,560.5,-120712.23421500002,1.0071563888888886,1040.57181,560.4,-121112.63414,1.00639
1040.24742,560.11,-122073.59394,1.00733,1040.3262500000003,560.6,-120211.73431500001,1.0070929166666671,1040.09486,560.5,-120745.60088,1.00777
1040.14967,560.22,-121683.20402,1.00761,1039.4225,560.7,-119811.334395,1.0097258333333332,1040.01736,560.6,-120245.10098,1.00799
1040.3305,560.33,-121282.8041,1.00709,1040.6591666666668,560.8,-119511.03445500002,1.0061658333333334,1040.13597,560.7,-119844.70106,1.00766
1040.29592,560.44,-120882.40418,1.00719,1040.2720833333333,560.9,-119210.734515,1.0072516666666669,1040.11792,560.8,-119511.03446,1.00771
1040.20017,560.55,-120502.02426,1.00747,1039.1850000000004,561.0,-118910.434575,1.0104375,1040.03875,560.9,-119210.73452,1.00795
1039.91622,560.65,-120131.65433,1.0083,1037.9022222222225,561.1,-118510.034655,1.0142008333333337,1039.11977,561.0,-118877.06792,1.01063
1039.92651,560.75,-119751.27441,1.00827,1039.7825,561.2,-118009.53475500002,1.008690833333333,1038.95657,561.1,-118476.668,1.01111
1039.61518,560.85,-119380.90448,1.00918,1038.6437500000004,561.3,-117609.13483500002,1.0120566666666668,1038.77616,561.2,-118042.90142,1.01165
1039.60585,560.95,-118980.50456,1.00921,1039.561666666667,561.4,-117308.83489500002,1.0093283333333334,1039.32931,561.3,-117642.5015,1.01003
1039.61885,561.05,-118610.13464,1.00917,1040.4333333333334,561.5,-117008.534955,1.006797916666667,1039.54625,561.4,-117308.8349,1.00939
1039.68606,561.15,-118249.77471,1.00898,1040.9983333333332,561.6,-116608.13503500006,1.0051733333333333,1040.33111,561.5,-116975.1683,1.0071
1039.78026,561.25,-117889.41478,1.00871,1040.3645833333333,561.7,-116207.735115,1.006999583333333,1040.59875,561.6,-116608.13504,1.00632
1039.70035,561.35,-117509.03486,1.00894,1039.86,561.8,-115707.235215,1.0084586111111111,1040.40764,561.7,-116174.36846,1.00688
1039.58031,561.45,-117118.64493,1.00929,1039.071666666667,561.9,-115306.83529500001,1.010725,1039.76542,561.8,-115740.60188,1.00873
1039.70328,561.55,-116718.24501,1.00893,1040.4147222222216,562.0,-114906.43537500002,1.006856388888889,1039.78213,561.9,-115306.8353,1.00868
1040.00056,561.65,-116307.8351,1.00806,1040.875,562.1,-114405.935475,1.0055349999999998,1040.12046,562.0,-114873.06872,1.00771
1039.98581,561.75,-115882.41018,1.00811,1039.635,562.2,-113755.285605,1.009127291666667,1040.30824,562.1,-114355.88549,1.00717
1040.09518,561.85,-115451.98027,1.00778,1039.7375,562.3,-113304.83569500002,1.0088212499999998,1040.0825,562.2,-113822.01893,1.00783
1040.42079,561.95,-114991.52036,1.00684,1042.8177777777773,562.4,-112704.23581500002,0.9998744444444444,1040.73009,562.3,-113254.78571,1.00594
1040.46063,562.05,-114521.05045,1.00672,1040.8316666666667,562.5,-112303.835895,1.005644166666667,1041.12898,562.4,-112770.96914,1.00478
1040.41038,562.15,-114040.57055,1.00687,1040.4958333333334,562.6,-111803.33599500002,1.0066272916666672,1041.38176,562.5,-112270.46924,1.00405
1040.50633,562.25,-113550.08065,1.00659,1041.324166666667,562.7,-111302.83609500002,1.0042166666666668,1040.88389,562.6,-111803.336,1.0055
1040.47226,562.35,-112869.40078,1.00669,1039.519285714286,562.8,-108900.436575,1.0094558333333337,1040.44643,562.7,-110668.86956,1.00677
1040.45858,562.45,-112153.12981,1.00673,1038.9348148148142,562.9,-108144.12561499998,1.0111676851851852,1039.92609,562.8,-109449.13276,1.00828
1040.31603,562.55,-111420.96996,1.00715,1038.9892857142866,563.0,-107584.83683785716,1.0109886904761904,1039.1478,562.9,-108209.79968,1.01054
1040.1023,562.65,-110534.08414,1.00776,1038.7376666666662,563.1,-105537.07724700002,1.0117155000000004,1038.88726,563.0,-107088.6799,1.01129
1040.13588,562.75,-109568.11933,1.00766,1039.9708333333333,563.2,-104095.637535,1.0081366666666671,1039.2326,563.1,-105739.18387,1.01028
1040.10299,562.85,-108607.15952,1.00776,1039.4086111111114,563.3,-103695.23761499999,1.0097547222222223,1039.37237,563.2,-104442.6508,1.00987
1039.84169,562.95,-107646.19971,1.00852,1040.2047222222225,563.4,-103094.637735,1.0074644444444447,1039.86139,563.3,-103628.5043,1.00845
1039.59799,563.05,-106645.19991,1.00923,1038.3946666666664,563.5,-102293.837895,1.0127548333333338,1039.336,563.4,-103027.90442,1.00999
1039.39882,563.15,-105634.19012,1.00981,1038.5041666666666,563.6,-101693.238015,1.012435,1039.03452,563.5,-102360.57122,1.01088
1039.16713,563.25,-104633.19032,1.01048,1039.0072222222225,563.7,-101292.838095,1.0109480555555557,1038.63535,563.6,-101759.97134,1.01205
1039.2427,563.35,-103832.39048,1.01026,1040.275,563.8,-100892.438175,1.0072366666666668,1039.26213,563.7,-101292.8381,1.01021
1039.20374,563.45,-103057.17174,1.01037,1038.545208333333,563.9,-100391.938275,1.0123147916666675,1039.27581,563.8,-100859.07152,1.01017
1039.19423,563.55,-102277.8219,1.0104,1038.8941666666667,564.0,-99791.33839499998,1.0112662500000005,1039.23812,563.9,-100358.57162,1.01027
1039.14552,563.65,-101653.19802,1.01055,1038.2505555555556,564.1,-99290.83849500002,1.0131747222222225,1038.56331,564.0,-99824.70506,1.01225
1038.94652,563.75,-101122.66813,1.01113,1037.9808333333335,564.2,-98790.33859500001,1.0139475,1038.37519,564.1,-99290.8385,1.0128
1038.8487,563.85,-100572.11824,1.01142,1038.4304166666668,564.3,-98189.738715,1.012626666666667,1038.2206,564.2,-98756.97194,1.01325
1038.89406,563.95,-100031.57835,1.01128,1040.6583333333335,564.4,-97689.238815,1.0061133333333332,1039.02319,564.3,-98223.10538,1.0109
1038.84587,564.05,-99531.07845,1.01142,1037.9127777777776,564.5,-97288.83889500001,1.0141475000000002,1039.00051,564.4,-97722.60548,1.01096
1038.7737,564.15,-99030.57855,1.01163,1037.7825,564.6,-96688.239015,1.0145391666666668,1038.78454,564.5,-97222.10558,1.0116
1038.76373,564.25,-98570.11864,1.01166,1038.9075,564.7,-96688.239015,1.0112333333333334,1038.20093,564.6,-96888.43898,1.01331
1038.6004,564.35,-98099.64873,1.01214,1038.6416666666667,564.8,-96187.739115,1.0120183333333332,1038.44389,564.7,-96521.40572,1.0126
1038.63196,564.45,-97629.17883,1.01204,1038.8608333333332,564.9,-95687.239215,1.0113619444444446,1038.80333,564.8,-96187.73912,1.01154
1038.57438,564.55,-97168.71892,1.01221,1038.3183333333334,565.0,-95186.739315,1.0129608333333335,1038.60694,564.9,-95687.23922,1.01211
1038.33249,564.65,-96728.27901,1.01292,1035.8316666666667,565.1,-94886.439375,1.0202725000000001,1037.67028,565.0,-95253.47264,1.01487
1038.34713,564.75,-96297.84909,1.01288,1038.127222222222,565.2,-94486.03945499999,1.0135161111111108,1037.42574,565.1,-94853.07272,1.01558
1038.23221,564.85,-95877.42918,1.01322,1037.2812500000002,565.3,-93985.539555,1.01599625,1037.08005,565.2,-94452.6728,1.01659
1037.88229,564.95,-95467.01926,1.01424,1037.1591666666666,565.4,-93585.139635,1.01638375,1037.52255,565.3,-94018.90622,1.0153
1037.95764,565.05,-95056.60934,1.01402,1038.66625,565.5,-93184.73971500002,1.0119529166666663,1037.70222,565.4,-93585.13964,1.01478
1038.03681,565.15,-94666.21942,1.01379,1038.5741666666663,565.6,-92784.339795,1.0122070833333334,1038.13319,565.5,-93184.73972,1.01351
1037.89881,565.25,-94225.77951,1.0142,1037.5275,565.7,-92283.839895,1.015283055555556,1038.25597,565.6,-92750.97314,1.01315
1037.78597,565.35,-93795.34959,1.01452,1037.5133333333335,565.8,-91883.43997500004,1.0152933333333334,1037.87167,565.7,-92317.20656,1.01426
1037.62786,565.45,-93374.92968,1.01499,1037.279722222222,565.9,-91483.040055,1.0159947222222223,1037.44019,565.8,-91883.43998,1.01552
1037.49532,565.55,-92954.50976,1.01538,1036.9929166666666,566.0,-90982.540155,1.016855833333333,1037.26199,565.9,-91449.6734,1.01605
1037.61761,565.65,-92524.07985,1.01501,1037.0545833333338,566.1,-90582.140235,1.0166666666666668,1037.10907,566.0,-91015.90682,1.01651
1037.56281,565.75,-92093.64993,1.01517,1037.5791666666667,566.2,-90181.740315,1.0151004166666668,1037.20889,566.1,-90582.14024,1.01621
1037.52881,565.85,-91030.58815,1.01527,1036.9413333333323,566.3,-83354.92167899999,1.0169975000000004,1037.19169,566.2,-88039.60074,1.01625
1037.52167,565.95,-90115.67433,1.01529,1037.0877499999992,566.4,-84436.00146300001,1.016586916666666,1037.20275,566.3,-85990.88782,1.01623
1037.37959,566.05,-89302.36199,1.01571,1037.2454166666662,566.5,-85051.61634000001,1.0161098958333326,1037.0915,566.4,-84280.84649,1.01656
1037.24672,566.15,-88416.47717,1.0161,1037.2455208333322,566.6,-83925.49156499999,1.016113854166666,1037.1929,566.5,-84471.03646,1.01627
1037.05661,566.25,-87647.70932,1.01666,1035.626333333333,566.7,-84596.16143100001,1.0208965000000003,1036.70576,566.6,-84524.42311,1.01771
1036.87074,566.35,-86779.34199,1.01721,1035.6546874999997,566.8,-83199.76671000001,1.0208009374999996,1036.17551,566.7,-83907.1399,1.01927
1036.7425,566.45,-86041.10464,1.01759,1035.9972916666657,566.9,-84100.66652999999,1.0197835416666658,1035.75944,566.8,-83965.53156,1.02049
1036.63839,566.55,-85198.83481,1.0179,1035.9517857142853,567.0,-82559.84183785718,1.0199283333333338,1035.86792,566.9,-83286.75836,1.02017
1036.41705,566.65,-84347.98498,1.01855,1034.8412500000004,567.1,-82073.641935,1.023215,1035.59678,567.0,-82911.38343,1.02098
1036.29861,566.75,-83076.71523,1.0189,1036.3947222222225,567.2,-77469.04285499999,1.0185913888888891,1035.72925,567.1,-80700.84221,1.02058
1036.11564,566.85,-82438.07736,1.01945,1035.1116666666671,567.3,-76968.54295500001,1.0224716666666664,1035.44921,567.2,-78837.07592,1.02143
1035.97516,566.95,-81651.29152,1.01986,1035.6829166666666,567.4,-76568.143035,1.0207187499999997,1035.72977,567.3,-77001.90962,1.02059
1035.93958,567.05,-80762.9042,1.01997,1036.8895833333333,567.5,-76167.74311499999,1.017148333333333,1035.89472,567.4,-76568.14304,1.02011
1035.93794,567.15,-79937.07936,1.01997,1037.2291666666665,567.6,-75667.243215,1.0161372222222222,1036.60056,567.5,-76134.37646,1.018
1036.06714,567.25,-79004.14755,1.01958,1036.9183333333333,567.7,-75266.84329500001,1.0170533333333334,1037.01236,567.6,-75700.60988,1.01678
1036.15113,567.35,-78180.82521,1.01934,1036.4945833333338,567.8,-74966.543355,1.0183291666666665,1036.88069,567.7,-75300.20996,1.01717
1036.25348,567.45,-77237.3829,1.01904,1037.0208333333333,567.9,-74666.243415,1.0167891666666666,1036.81125,567.8,-74966.54336,1.01739
1036.4201,567.55,-76417.99306,1.01855,1037.617916666667,568.0,-74365.943475,1.0150108333333334,1037.04444,567.9,-74666.24342,1.01671
1036.46453,567.65,-75597.17323,1.01841,1035.2855555555557,568.1,-73865.44357500001,1.0218916666666664,1036.64144,568.0,-74299.21016,1.0179
1036.42868,567.75,-75186.76331,1.01852,1036.0362500000003,568.2,-73364.943675,1.0196758333333336,1036.31324,568.1,-73865.44358,1.01886
1036.26685,567.85,-74796.37339,1.019,1033.4933333333336,568.3,-73064.64373499999,1.0272158333333332,1034.93838,568.2,-73431.677,1.02293
1036.22547,567.95,-74415.99347,1.01912,1035.269166666667,568.4,-72764.34379500001,1.021945,1034.93292,568.3,-73064.64374,1.02295
1036.11485,568.05,-74035.61354,1.01945,1035.7833333333335,568.5,-72363.94387500001,1.0204020833333332,1034.84861,568.4,-72730.97714,1.02319
1035.87443,568.15,-73675.25361,1.02016,1034.825,568.6,-72063.643935,1.02327,1035.2925,568.5,-72397.31054,1.02187
1035.51722,568.25,-73324.90368,1.02122,1033.3462500000003,568.7,-71763.34399500003,1.0276570833333334,1034.65153,568.6,-72063.64394,1.02378
1035.44397,568.35,-72964.54376,1.02143,1035.7620833333335,568.8,-71362.944075,1.0204591666666665,1034.64444,568.7,-71729.97734,1.0238
1035.30293,568.45,-72594.17383,1.02184,1035.610416666667,568.9,-70962.54415500003,1.02090125,1034.90625,568.8,-71362.94408,1.02301
1035.02381,568.55,-72223.8039,1.02266,1034.8266666666668,569.0,-70662.24421500001,1.0232175,1035.39972,568.9,-70995.91082,1.02153
1035.0795,568.65,-71863.44398,1.0225,1035.8425000000002,569.1,-70261.844295,1.0202541666666665,1035.42653,569.0,-70628.87756,1.02146
1034.86888,568.75,-71513.09405,1.02313,1033.93,569.2,-69861.44437499999,1.0259383333333334,1034.86639,569.1,-70261.8443,1.02314
1034.99079,568.85,-71162.74412,1.02277,1034.7125000000003,569.3,-69561.14443500001,1.0236304166666668,1034.82833,569.2,-69894.81104,1.02327
1035.03096,568.95,-70792.37419,1.02265,1035.6708333333333,569.4,-69060.64453500001,1.0207780555555552,1034.77111,569.3,-69494.41112,1.02345
1034.74779,569.05,-70422.00426,1.0235,1032.9516666666666,569.5,-68660.244615,1.02885,1034.445,569.4,-69094.0112,1.02442
1034.69421,569.15,-70041.62434,1.02365,1034.2891666666671,569.6,-68259.844695,1.0248341666666665,1034.30389,569.5,-68660.24462,1.02482
1034.75042,569.25,-69671.25441,1.02349,1033.9083333333335,569.7,-68059.64473500001,1.0260041666666666,1033.71639,569.6,-68326.57802,1.02656
1034.74917,569.35,-69290.87449,1.02349,1035.7495833333335,569.8,-67559.144835,1.020525,1034.64903,569.7,-67959.54476,1.02379
1034.65563,569.45,-68910.49456,1.02378,1034.6750000000004,569.9,-67158.74491499999,1.0237191666666667,1034.77764,569.8,-67592.5115,1.02342
1034.53013,569.55,-68520.10464,1.02416,1033.571666666667,570.0,-66758.34499499999,1.0270345833333334,1034.66542,569.9,-67158.74492,1.02376
1034.48488,569.65,-68119.70472,1.02429,1035.3900000000003,570.1,-66257.84509500001,1.0215672222222223,1034.54556,570.0,-66724.97834,1.02411
1034.50381,569.76,-67689.27481,1.02423,1034.1193749999998,570.3,-65557.145235,1.025370625,1034.36035,570.13333,-66191.11178,1.02466
1034.27923,569.87,-67238.8249,1.0249,1032.466666666667,570.4,-65056.64533500001,1.0303091666666668,1033.99201,570.26667,-65623.87856,1.02575
1034.02501,569.98,-66798.38499,1.02566,1033.128611111111,570.5,-64656.24541500001,1.0283666666666664,1033.23822,570.4,-65090.012,1.02802
1034.09901,570.09,-66337.92508,1.02544,1033.691666666667,570.6,-64055.64553500003,1.0266424999999997,1033.09565,570.5,-64589.5121,1.02844
1034.10847,570.2,-65897.48517,1.02541,1034.3837500000004,570.7,-63855.44557499999,1.0245745833333335,1033.73468,570.6,-64189.11218,1.02653
1034.01673,570.31,-65163.41865,1.02568,1032.9909722222212,570.8,-60718.979535000006,1.0287186111111113,1033.6888,570.7,-62876.69022,1.02665
1033.77597,570.42,-64370.12631,1.0264,1033.3419791666663,570.9,-59626.22142000001,1.027661875,1033.57223,570.8,-61400.21551,1.02699
1033.5985,570.53,-63684.44144,1.02693,1032.9003124999997,571.0,-60301.896285,1.0290078124999995,1033.07775,570.9,-60215.69908,1.02846
1033.38831,570.64,-62968.01159,1.02755,1031.4697619047618,571.1,-59594.04642642858,1.0333094047619051,1032.57068,571.0,-59840.72138,1.02999
1032.98417,570.75,-62304.49172,1.02877,1031.3485714285714,571.2,-59622.646420714285,1.0336966666666667,1031.90622,571.1,-59839.52971,1.032
1032.55727,570.85,-61363.55191,1.03005,1029.8504166666671,571.3,-56147.74711500001,1.0382345833333333,1030.88958,571.2,-58454.81332,1.03508
1032.32235,570.95,-60422.61209,1.03076,1030.1174999999996,571.4,-55647.24721500001,1.0374266666666667,1030.43883,571.3,-57139.21358,1.03645
1032.19485,571.05,-59461.65229,1.03114,1031.8536111111114,571.5,-55046.647335,1.0321380555555555,1030.60718,571.4,-55613.88056,1.03593
1031.85965,571.15,-58510.70248,1.03215,1030.3395833333336,571.6,-54546.147435000006,1.0366854166666666,1030.77023,571.5,-55080.014,1.03542
1031.38748,571.25,-57529.72267,1.03357,1029.6620833333336,571.7,-54045.647535000004,1.0387766666666665,1030.61843,571.6,-54546.14744,1.03587
1031.0548,571.35,-56829.02281,1.03457,1029.6641666666665,571.8,-53711.980935,1.0387805555555554,1029.88861,571.7,-54101.25864,1.03808
1030.85998,571.45,-56180.87544,1.03516,1031.3937500000004,571.9,-53144.74771500001,1.0335149999999995,1030.24,571.8,-53634.1254,1.03702
1030.74828,571.55,-55415.11059,1.03549,1031.7833333333335,572.0,-52644.24781500001,1.0323125,1030.94708,571.9,-53166.99216,1.03487
1030.60397,571.65,-54720.13073,1.03592,1030.0266666666666,572.1,-52644.247814999995,1.0376429166666663,1031.06792,572.0,-52811.08112,1.03449
1030.64358,571.75,-53962.23089,1.0358,1031.7447222222224,572.2,-52043.64793500001,1.0324661111111113,1031.18491,572.1,-52444.04786,1.03414
1030.68825,571.85,-53501.77098,1.03566,1030.2970833333336,572.3,-51543.14803500002,1.036833333333333,1030.68949,572.2,-52077.0146,1.03565
1030.80775,571.95,-53051.32107,1.03529,1031.3125000000002,572.4,-51142.748115,1.0337466666666666,1031.1181,572.3,-51576.5147,1.03435
1030.71767,572.06,-52610.88116,1.03556,1030.9527777777782,572.6,-50642.248215,1.0348122222222222,1030.85412,572.43333,-51109.38146,1.03513
1030.84429,572.17,-52170.44124,1.03517,1031.6058333333335,572.7,-50141.748315,1.0328387499999998,1031.29037,572.56667,-50642.24822,1.0338
1031.14125,572.28,-51750.02133,1.03427,1032.6316666666671,572.8,-49841.44837500001,1.0297516666666666,1031.73009,572.7,-50208.48164,1.03247
1031.43883,572.39,-51322.92808,1.03337,1032.6400000000003,572.9,-49441.04845500001,1.0297377777777776,1032.2925,572.8,-49808.08172,1.03078
1031.50729,572.5,-50912.51816,1.03316,1032.0783333333334,573.0,-49040.64853500001,1.0314150000000002,1032.45,572.9,-49441.04846,1.0303
1031.20404,572.61,-50532.13824,1.03407,1028.7508333333335,573.1,-48840.44857499999,1.04148,1031.15639,573.0,-49107.38186,1.03421
1031.23563,572.72,-50111.71832,1.03398,1030.3425000000002,573.2,-48440.04865500001,1.036685,1030.39056,573.1,-48773.71526,1.03653
1031.1099,572.83,-49711.3184,1.03436,1030.4875000000004,573.3,-48039.648735,1.0362566666666666,1029.86028,573.2,-48440.04866,1.03814
1031.1429,572.94,-49330.93848,1.03425,1030.6270833333335,573.4,-47739.348795,1.0357966666666667,1030.48569,573.3,-48073.0154,1.03625
1030.97899,573.05,-48950.55855,1.03474,1029.673333333334,573.5,-47338.94887500001,1.0386745833333333,1030.26264,573.4,-47705.98214,1.03691
1030.819,573.15,-48580.18863,1.03523,1029.3529166666674,573.6,-46938.54895500001,1.0396479166666663,1029.88444,573.5,-47338.94888,1.03804
1030.75396,573.25,-48219.8287,1.03542,1030.9554166666671,573.7,-46538.14903500001,1.0347933333333332,1029.99389,573.6,-46938.54896,1.03771
1030.40933,573.35,-47849.45877,1.03646,1029.185416666667,573.8,-46137.74911500002,1.04015125,1029.83125,573.7,-46538.14904,1.0382
1030.08417,573.45,-47479.08885,1.03744,1029.3883333333335,573.9,-45737.349195,1.03954,1029.84306,573.8,-46137.74912,1.03816
1029.839,573.55,-47118.72892,1.03818,1029.6266666666668,574.0,-45437.04925500001,1.0388149999999998,1029.40014,573.9,-45770.71586,1.0395
1029.83864,573.65,-46738.349,1.03819,1028.747222222222,574.1,-45036.649335,1.0415486111111112,1029.25407,574.0,-45403.6826,1.03997
1029.81872,573.75,-46337.94908,1.03825,1030.1433333333337,574.2,-44436.04945500001,1.0372841666666666,1029.50574,574.1,-44969.91602,1.03922
1029.58826,573.85,-45957.56915,1.03895,1028.1829166666666,574.3,-44235.84949500001,1.04327625,1029.02449,574.2,-44569.5161,1.0407
1029.26883,573.95,-45547.15923,1.03992,1027.432777777778,574.4,-43635.249615000015,1.0455163888888883,1028.58634,574.3,-44102.38286,1.04203
1029.05511,574.06,-45116.72932,1.04058,1027.5361111111113,574.6,-43034.649735,1.045214722222222,1027.71727,574.43333,-43635.24962,1.04467
1028.91949,574.17,-44686.29941,1.04099,1027.9966666666667,574.7,-42634.249815,1.0437908333333332,1027.65519,574.56667,-43101.38306,1.04484
1028.66478,574.28,-44265.87949,1.04177,1028.4083333333335,574.8,-42333.94987500001,1.0425525,1027.98037,574.7,-42667.61648,1.04385
1028.6604,574.39,-43835.44958,1.04178,1029.141666666667,574.9,-41833.449975,1.040298055555556,1028.51556,574.8,-42267.21656,1.04221
1028.54449,574.5,-43384.99967,1.04214,1028.229166666667,575.0,-41232.850095,1.0430841666666666,1028.59306,574.9,-41800.08332,1.04198
1028.47399,574.61,-42964.57975,1.04235,1028.9216666666666,575.1,-41232.850095000016,1.0409775,1028.76417,575.0,-41433.05006,1.04145
1028.41497,574.72,-42534.14984,1.04253,1028.1570833333335,575.2,-40732.35019500001,1.0433175,1028.43597,575.1,-41066.0168,1.04246
1027.99369,574.83,-42113.72992,1.04382,1025.9305555555557,575.3,-40231.850295,1.0501783333333334,1027.66977,575.2,-40732.3502,1.04482
1027.88588,574.94,-41653.27001,1.04415,1027.1047222222219,575.4,-39631.250415,1.0465347222222223,1027.06412,575.3,-40198.48364,1.04668
1027.88035,575.06,-41192.8101,1.04417,1027.3774999999996,575.6,-39030.650534999986,1.0457263888888888,1026.80426,575.43333,-39631.25042,1.04748
1027.80724,575.17,-40752.37019,1.04439,1026.805,575.7,-38630.250615,1.0474491666666668,1027.09574,575.56667,-39097.38386,1.04657
1027.84078,575.28,-40301.92028,1.04429,1028.332083333333,575.8,-38129.75071500002,1.0428166666666667,1027.50486,575.7,-38596.88396,1.04533
1027.64403,575.39,-39831.45038,1.04489,1026.4408333333333,575.9,-37629.250815000014,1.0485316666666666,1027.19264,575.8,-38129.75072,1.04627
1027.3825,575.5,-39370.99047,1.04569,1026.5263888888885,576.0,-37228.85089500002,1.0482844444444444,1027.09977,575.9,-37662.61748,1.04654
1027.39017,575.61,-38930.55056,1.04568,1028.3058333333336,576.1,-36828.450975000014,1.04294,1027.09102,576.0,-37228.8509,1.04659
1027.28725,575.72,-38450.07065,1.04599,1027.8925000000004,576.2,-36428.05105500002,1.0441200000000002,1027.57491,576.1,-36828.45098,1.04511
1027.07633,575.83,-37969.59075,1.04664,1026.0479166666667,576.3,-35927.551155,1.0497783333333333,1027.41542,576.2,-36394.6844,1.04561
1027.04438,575.94,-37479.10085,1.04673,1025.6110416666663,576.4,-35326.951275,1.0511149999999998,1026.51715,576.3,-35894.1845,1.04834
1026.79287,576.05,-36988.61094,1.0475,1024.5895833333334,576.5,-34726.351395000005,1.0542608333333334,1025.41618,576.4,-35326.95128,1.05172
1026.66799,576.15,-36518.14104,1.04788,1026.12875,576.6,-34325.951475,1.0494883333333336,1025.44313,576.5,-34793.08472,1.05162
1026.54171,576.25,-35986.18114,1.04827,1025.5421428571428,576.7,-33310.651677857146,1.051322619047619,1025.42016,576.6,-34120.98485,1.05169
1026.18269,576.35,-35425.62126,1.04936,1024.7418749999997,576.8,-32524.151835,1.0537766666666666,1025.47092,576.7,-33386.91833,1.05153
1026.10135,576.45,-34835.03137,1.04961,1025.6275000000003,576.9,-31723.351995000005,1.051045416666667,1025.30384,576.8,-32519.38517,1.05205
1026.06551,576.55,-34244.44149,1.04972,1026.167916666667,577.0,-31322.952075000016,1.0493741666666667,1025.51243,576.9,-31856.81864,1.0514
1025.70638,576.65,-33653.85161,1.05082,1024.7145833333336,577.1,-30922.552155,1.0538691666666666,1025.50333,577.0,-31322.95208,1.05143
1025.45553,576.75,-33043.24173,1.05158,1025.3839583333329,577.2,-30321.952275,1.0518097916666669,1025.42215,577.1,-30855.81884,1.05168
1025.3989,576.85,-32368.56787,1.05176,1025.481666666666,577.3,-29180.812502999997,1.051514333333333,1025.1934,577.2,-30141.77231,1.0524
1025.3514,576.95,-31717.918,1.0519,1025.136041666666,577.4,-28820.452575000007,1.0525472916666667,1025.33389,577.3,-29441.07245,1.05196
1025.16474,577.05,-31037.23813,1.05248,1022.7229166666664,577.5,-27919.55275500001,1.06005125,1024.44687,577.4,-28640.27261,1.0547
1025.06532,577.15,-30356.55827,1.05279,1025.1345833333337,577.6,-27519.152835,1.0525558333333336,1024.33118,577.5,-28086.38606,1.05505
1024.86785,577.25,-29737.36839,1.0534,1023.5675,577.7,-27118.752914999997,1.0574266666666667,1023.80833,577.6,-27519.15284,1.05668
1024.66304,577.35,-29156.78851,1.05403,1022.69375,577.8,-26718.352995,1.0601200000000002,1023.79861,577.7,-27118.75292,1.0567
1024.46275,577.45,-28616.24862,1.05465,1023.6245833333332,577.9,-26317.953075,1.0572116666666669,1023.29528,577.8,-26718.353,1.05825
1024.14138,577.55,-28075.70872,1.05564,1022.9541666666668,578.0,-25917.553155,1.05927625,1023.09083,577.9,-26317.95308,1.05887
1024.14533,577.65,-27535.16883,1.05562,1024.7541666666666,578.1,-25517.153234999998,1.053719583333333,1023.77764,578.0,-25917.55316,1.05674
1024.02506,577.75,-27014.64894,1.05599,1024.18125,578.2,-25116.753315000005,1.055495,1023.96319,578.1,-25517.15324,1.05616
1023.90244,577.85,-26568.20303,1.05637,1024.2554166666666,578.3,-24716.35339500001,1.0552520833333332,1024.39694,578.2,-25116.75332,1.05482
1023.71642,577.95,-26117.75312,1.05694,1023.2758333333336,578.4,-24315.953475,1.0583083333333334,1023.90417,578.3,-24716.3534,1.05635
1023.8604,578.05,-25707.3432,1.05649,1024.1627777777778,578.5,-23815.453575,1.0555450000000002,1023.89801,578.4,-24282.58682,1.05637
1023.67361,578.15,-25296.93328,1.05707,1023.2666666666668,578.6,-23415.05365500001,1.058345,1023.56843,578.5,-23848.82024,1.0574
1023.59261,578.25,-24906.54336,1.05732,1022.7575,578.7,-23214.853694999998,1.0599666666666667,1023.39565,578.6,-23481.78698,1.05795
1023.64354,578.35,-24516.15344,1.05717,1023.2030555555556,578.8,-22814.453775,1.058576111111111,1023.07574,578.7,-23148.12038,1.05896
1023.56013,578.45,-24115.75352,1.05743,1022.7904166666667,578.9,-22313.953875000007,1.0598245833333333,1022.91699,578.8,-22781.08712,1.05946
1023.44696,578.55,-23705.3436,1.05779,1021.8224999999996,579.0,-21813.453975000008,1.0628352777777774,1022.60532,578.9,-22313.95388,1.06041
1023.13125,578.65,-23284.92368,1.05877,1021.5970833333333,579.1,-21312.954075,1.0635104166666665,1022.07,579.0,-21813.45398,1.06206
1023.01896,578.75,-22844.48377,1.05911,1023.0583333333328,579.2,-20712.354195,1.0589689583333337,1022.15931,579.1,-21279.58742,1.06177
1022.74542,578.85,-22384.02386,1.05997,1021.52,579.3,-20111.754315,1.0638120833333335,1022.05847,579.2,-20712.3542,1.0621
1022.74131,578.95,-21913.55396,1.05998,1023.234722222222,579.4,-19611.254415000003,1.0584358333333332,1022.60435,579.3,-20145.12098,1.06041
1022.75594,579.05,-21453.09405,1.05994,1024.3091666666667,579.5,-19210.854495,1.0551041666666667,1023.0213,579.4,-19644.62108,1.05912
1022.7904,579.15,-20982.62414,1.05983,1023.6112499999997,579.6,-18710.354595000004,1.0572372916666664,1023.71838,579.5,-19177.48784,1.05693
1022.77729,579.25,-20462.10425,1.05986,1022.626388888889,579.7,-18009.654735,1.0603388888888892,1023.5156,579.6,-18643.62128,1.05756
1022.46227,579.35,-19843.98687,1.06084,1020.0528125000008,579.8,-16633.280010000006,1.0683786458333329,1022.09682,579.7,-17784.42978,1.06198
1022.12746,579.45,-19213.35699,1.06189,1019.4423333333333,579.9,-16007.655135000005,1.0702925000000003,1020.70718,579.8,-16883.52996,1.06634
1022.01693,579.55,-18496.64114,1.06224,1020.7171666666666,580.0,-14646.295406999996,1.0663056666666668,1020.07077,579.9,-15762.41018,1.06833
1021.88333,579.65,-17745.89129,1.06266,1020.261111111111,580.1,-13805.455575000002,1.0676961111111112,1020.1402,580.0,-14819.80204,1.0681
1021.53275,579.75,-17015.16143,1.06375,1019.5525,580.2,-13405.055654999998,1.06992,1020.17693,580.1,-13952.26888,1.06797
1021.33244,579.85,-16304.45158,1.06438,1019.5169444444444,580.3,-13004.655735000002,1.0700633333333334,1019.77685,580.2,-13405.05566,1.06923
1020.92632,579.95,-15547.69573,1.06565,1019.1735,580.4,-12043.695926999993,1.0711788333333332,1019.41431,580.3,-12817.80244,1.07039
1020.57423,580.05,-14867.01586,1.06675,1020.7883333333336,580.5,-12404.055855,1.0660816666666666,1019.82626,580.4,-12484.13584,1.06911
1020.16719,580.15,-14106.25601,1.06803,1019.540833333333,580.6,-11102.756115000002,1.0699958333333333,1019.83422,580.5,-11850.1693,1.06909
1019.83341,580.25,-13345.49617,1.06907,1019.2886111111113,580.7,-10402.056254999998,1.070821111111111,1019.87259,580.6,-11302.95608,1.06897
1019.75558,580.35,-12655.64047,1.06932,1019.2744444444444,580.8,-9734.723055000002,1.0708363888888892,1019.36796,580.7,-10413.17848,1.07055
1019.65672,580.45,-11896.70062,1.06963,1018.4537878787894,580.9,-8418.256651363634,1.0734116666666658,1019.00561,580.8,-9518.34532,1.07169
1019.34601,580.55,-11141.94677,1.07061,1017.6099999999997,581.0,-7098.756915000001,1.0760966666666667,1018.44608,580.9,-8417.24554,1.07345
1019.1122,580.65,-10421.22692,1.07135,1017.9230555555556,581.1,-6598.257014999997,1.0750891666666669,1017.99561,581.0,-7371.75686,1.07487
1019.01403,580.75,-9700.50706,1.07166,1018.5708333333336,581.2,-6197.857095,1.0730508333333335,1018.03463,581.1,-6631.62368,1.07475
1018.77101,580.85,-8969.77721,1.07243,1017.0866666666666,581.3,-5697.357195000002,1.077741041666667,1017.86019,581.2,-6164.49044,1.07529
1018.65652,580.95,-8265.07335,1.07279,1018.0286111111113,581.4,-4996.657335000003,1.0747799999999998,1017.89537,581.3,-5630.62388,1.07519
1018.36002,581.05,-7474.28351,1.07372,1017.8233333333333,581.5,-4496.157435000002,1.0754129166666668,1017.6462,581.4,-5063.39066,1.07598
1017.9743,581.15,-6763.57365,1.07495,1015.6836111111107,581.6,-3995.657535000001,1.0822177777777775,1017.17852,581.5,-4496.15744,1.07747
1017.60677,581.25,-6082.89378,1.07611,1015.6133333333332,581.7,-3595.2576150000004,1.082463333333333,1016.37343,581.6,-4029.0242,1.08003
1017.21491,581.35,-5428.90725,1.07736,1015.3558333333333,581.8,-3194.857695,1.0832883333333334,1015.55093,581.7,-3595.25762,1.08266
1016.90972,581.45,-4846.50737,1.07833,1015.4019444444444,581.9,-2594.257815000002,1.0831483333333332,1015.45704,581.8,-3128.12438,1.08297
1016.66512,581.55,-4325.98747,1.07911,1015.1639583333333,582.0,-1893.557955,1.083868333333334,1015.30725,581.9,-2560.89116,1.08344
1016.31131,581.66,-3795.45758,1.08023,1014.385,582.2,-1292.9580749999998,1.0863525,1014.98363,582.03333,-1926.92462,1.08446
1015.43635,581.77,-3254.91768,1.08311,1009.82125,582.3,-792.4581749999999,1.1018666666666663,1013.1234,582.16667,-1326.32474,1.0907
1014.61023,581.88,-2744.40779,1.08589,1008.8254166666667,582.4,-592.2582150000002,1.1054804166666667,1011.01056,582.3,-892.55816,1.0979
1013.93287,582.0,-2234.73205,1.08819,1011.2550000000003,582.6,100.09998,1.0978416666666668,1009.96722,582.43333,-428.20547,1.10173
1012.38237,582.12,-1745.91048,1.09332,1002.3183333333336,582.7,392.05825500000014,1.1266879166666668,1007.46625,582.56667,-33.36666,1.11
1010.24251,582.24,-1267.09891,1.10048,994.285,582.8,792.4581750000003,1.1538366666666666,1002.61944,582.7,428.20547,1.12612
1006.75313,582.36,-778.27734,1.11247,980.7195833333329,582.9,1292.958075,1.202341875,992.44097,582.8,825.82483,1.16096
1002.42838,582.48,-279.44578,1.12758,972.1083333333336,583.0,1793.457975,1.2343608333333334,982.37097,582.9,1292.95807,1.19685
999.1954,582.6,189.3558,1.13867,983.0720833333336,583.1,2093.7579149999997,1.1940333333333333,978.63333,583.0,1726.72465,1.21025
995.86996,582.72,628.12737,1.15012,981.9095833333333,583.2,2494.1578349999986,1.1984054166666671,979.03,583.1,2127.12457,1.20893
991.75504,582.84,1046.87896,1.16456,973.2358333333333,583.4,2894.5577550000007,1.2307649999999997,979.40583,583.23333,2494.15783,1.20773
988.16681,582.96,1465.63054,1.17721,973.938888888889,583.5,3395.057654999997,1.2283113888888888,976.36144,583.36667,2927.92441,1.21916
982.96604,583.08,1924.42212,1.19612,956.817777777778,583.6,3995.657535000001,1.2945797222222222,967.9975,583.5,3428.42431,1.25122
977.45833,583.19,2364.02786,1.21608,956.1779166666665,583.7,4496.157435,1.297514166666666,962.31153,583.6,3962.29087,1.27347
972.72558,583.3,2814.47777,1.23363,954.9908333333334,583.8,4896.557354999998,1.3021137499999995,955.99551,583.7,4462.79077,1.29807
968.82488,583.41,3264.92768,1.24836,955.2779166666667,583.9,5296.957275000002,1.3011679166666663,955.48222,583.8,4896.55735,1.30027
965.8649,583.52,3730.39259,1.25992,951.1197916666667,584.0,5947.607145000003,1.3179427083333333,953.79618,583.9,5380.37392,1.30707
963.63084,583.63,4204.19916,1.26884,949.7677777777781,584.1,6531.523694999996,1.323603611111111,952.05516,584.0,5925.3627,1.31424
960.25276,583.74,4704.69906,1.28199,949.2912500000003,584.2,7098.756914999999,1.325515,950.05961,584.1,6525.96258,1.32235
956.92859,583.85,5205.19896,1.29497,948.6679166666668,584.3,7499.156834999999,1.3282245833333337,949.24231,584.2,7043.14581,1.32578
954.37926,583.95,5715.70886,1.30511,947.7424999999997,584.4,7999.656735000002,1.3320780555555556,948.56722,584.3,7532.52349,1.32861
952.1612,584.05,6226.21876,1.31384,951.7583333333333,584.5,8500.156635000005,1.31567625,949.38958,584.4,7999.65673,1.32533
951.51555,584.15,6716.70866,1.31653,950.36125,584.6,8900.556555000001,1.3214279166666667,949.95403,584.5,8466.78997,1.32306
950.99597,584.25,7197.18856,1.31869,950.9820833333333,584.7,9300.956475,1.3191295833333332,951.03389,584.6,8900.55655,1.31874
950.2751,584.35,7687.67846,1.32169,947.7822222222226,584.8,9801.456375,1.3321774999999998,949.70852,584.7,9334.32313,1.32425
949.42744,584.45,8188.17836,1.32521,946.80125,584.9,10301.956274999997,1.336361666666667,948.52185,584.8,9801.45637,1.32922
949.24746,584.55,8673.66327,1.32599,949.32,585.0,10802.456175,1.3257466666666664,947.96782,584.9,10301.95627,1.33143
948.81351,584.65,9140.79651,1.32782,945.4283333333333,585.1,11202.856094999996,1.3418850000000002,947.18319,585.0,10769.08951,1.33466
948.23903,584.75,9597.91975,1.33026,943.5463888888887,585.2,11669.989334999998,1.3498777777777775,946.09824,585.1,11225.10053,1.33917
947.90394,584.85,10048.36966,1.33169,945.3170833333335,585.3,12003.655935000004,1.3424945833333335,944.76394,585.2,11625.50045,1.34475
947.47672,584.95,10518.83956,1.33351,943.4702083333336,585.4,12704.355795000005,1.3503272916666669,944.11123,585.3,12126.00035,1.34757
946.73709,585.05,10999.31947,1.33662,944.3620833333333,585.5,13304.955674999996,1.34674375,944.38313,585.4,12670.98913,1.34652
946.66055,585.15,11469.78937,1.33694,949.5958333333333,585.6,13605.255614999995,1.3246516666666668,945.80938,585.5,13204.85569,1.34057
945.76415,585.25,11940.25928,1.34068,942.0180555555553,585.7,14005.655535,1.3565355555555554,945.32532,585.6,13638.62227,1.34264
945.13397,585.35,12410.72919,1.34334,941.4804166666668,585.8,14506.155434999999,1.3587841666666665,944.36477,585.7,14039.02219,1.34666
944.4948,585.45,12871.18909,1.34605,940.4095833333333,585.9,14906.555355,1.3634266666666666,941.30269,585.8,14472.78877,1.35958
943.80255,585.55,13361.679,1.34898,942.3975000000003,586.0,15707.355195000007,1.355119444444444,941.42917,585.9,15040.02199,1.35911
943.23588,585.65,13938.25488,1.35142,939.7616666666677,586.1,16968.614942999997,1.3662763333333332,940.85625,586.0,15860.84183,1.36161
942.89472,585.75,14505.4881,1.3529,940.1347222222216,586.2,17342.321534999995,1.3646544444444442,940.76463,586.1,16672.76389,1.36202
942.33651,585.85,15136.11798,1.35529,939.735,586.3,18309.954675000004,1.3664012499999998,939.87713,586.2,17540.29705,1.36578
942.12515,585.95,15746.72785,1.35619,941.3566666666666,586.4,18810.454575,1.35931,940.4088,586.3,18154.24359,1.36346
941.61215,586.05,16327.30774,1.35837,939.2320833333333,586.5,19110.754515,1.3685849999999995,940.10792,586.4,18743.72125,1.36477
940.93396,586.15,16927.90762,1.36124,942.8138888888888,586.6,19611.254415,1.3533413888888886,941.13421,586.5,19177.48783,1.36041
940.71074,586.25,17528.5075,1.3622,939.7858333333335,586.7,20011.654335,1.3661041666666671,940.6106,586.6,19577.88775,1.36268
941.53036,586.35,18099.07738,1.35879,949.6766666666667,586.8,20211.854295000005,1.3246633333333335,944.09213,586.7,19944.92101,1.34804
941.63449,586.45,18679.65727,1.35835,941.4508333333334,586.9,20712.354195,1.3590233333333337,943.63778,586.8,20311.95427,1.34993
941.17274,586.55,19230.20716,1.36033,937.78,587.0,21212.854095,1.3748908333333334,942.96917,586.9,20712.35419,1.35286
940.93107,586.65,19684.66107,1.36138,937.3449999999997,587.1,21513.154035000007,1.3768445833333331,938.85861,587.0,21146.12077,1.37025
940.88058,586.75,20161.8043,1.36163,939.6297916666667,587.2,22113.753915000005,1.3671029166666662,938.2516,587.1,21613.25401,1.37295
940.72103,586.85,20602.24422,1.36232,938.1395833333332,587.3,22714.353795,1.3733625,938.37146,587.2,22113.75391,1.37244
940.53598,586.95,21042.68413,1.36314,939.506111111111,587.4,23214.853695,1.3674727777777778,939.09183,587.3,22680.98713,1.36931
940.33791,587.05,21513.15403,1.36401,937.2513888888888,587.5,23815.453575,1.377253611111111,938.29903,587.4,23248.22035,1.3727
939.88266,587.15,21993.63394,1.36597,938.261388888889,587.6,24416.053455000005,1.3729591666666667,938.33963,587.5,23815.45357,1.37256
939.86826,587.25,22509.14884,1.36606,939.6418750000006,587.7,25166.80330500001,1.3670502083333331,938.38488,587.6,24466.10344,1.37242
939.40851,587.35,23029.66873,1.36798,945.0791666666668,587.8,25417.053255000006,1.3438166666666669,940.99414,587.7,24999.97,1.36128
939.38701,587.45,23580.21862,1.3681,941.2358333333341,587.9,26217.853094999995,1.3602481666666677,941.98563,587.8,25600.56988,1.35704
939.88624,587.55,24160.79851,1.36598,942.7722222222225,588.0,27018.652934999995,1.3537183333333338,943.02907,587.9,26217.85309,1.35259
940.03194,587.65,24761.39839,1.36536,938.8020833333333,588.1,27519.152835,1.370665,940.93671,588.0,26918.55295,1.36154
939.61722,587.75,25331.96827,1.36717,935.4825,588.2,27819.452775,1.3851166666666668,939.01894,588.1,27452.41951,1.36983
939.51651,587.85,25902.53816,1.36763,937.1325000000003,588.3,28420.05265500001,1.378049,937.13903,588.2,27919.55275,1.37794
939.13354,587.95,26513.14804,1.36932,935.6764583333335,588.4,29320.952475,1.3843206250000002,936.09715,588.3,28520.15263,1.3825
939.10944,588.05,27133.76791,1.36944,937.0104166666665,588.5,30021.652334999984,1.378496666666667,936.60646,588.4,29254.21915,1.38029
938.76091,588.15,27739.37279,1.37097,934.7760416666667,588.6,30472.102245,1.388256458333334,935.82097,588.5,29938.23568,1.38369
938.21172,588.25,28324.95767,1.37337,934.15,588.7,31022.65213500001,1.3910016666666662,935.31215,588.6,30505.4689,1.38592
937.33924,588.35,28945.57755,1.37712,936.3543333333334,588.8,31623.252015,1.3812984999999998,935.09346,588.7,31039.33546,1.38685
936.71682,588.45,29556.18743,1.37981,935.0116666666664,588.9,32323.951875,1.3871666666666664,935.172,588.8,31656.61867,1.38649
935.88235,588.55,30116.74732,1.38341,934.4275,589.0,32624.251814999996,1.3897641666666665,935.2645,588.9,32190.48523,1.38608
935.3392,588.65,30682.3122,1.3858,933.370625,589.1,33174.80170499998,1.3944929166666666,934.26993,589.0,32707.66846,1.39047
935.11592,588.75,31272.06792,1.3868,933.2496874999997,589.2,33717.009930000015,1.3951265624999998,933.6826,589.1,33172.02115,1.39313
