DISTANCE,TIME,RETRACAO,60ma_S,60ma_T,60ma_t,60ma_R,TEMPERATURE
1043.22,-158149.62673500003,0.9987391666666667,1042.8182633333333,553.2183333333334,-158641.78497083337,0.9998941666666666,553.1
1042.0916666666662,-157838.204575,1.0019793518518518,1042.3916938834952,553.2234951456309,-158273.53690174755,1.001123592233009,553.2
1042.1943055555557,-157282.09357500006,1.001712083333334,1041.8891668333335,553.2603333333334,-157400.54521899996,1.002573333333333,553.3
1041.374333333333,-157148.62693499998,1.0040753333333337,1041.1605605555553,553.3544444444445,-156105.91881111113,1.004708333333333,553.4
1042.073611111111,-156881.693655,1.0020694444444447,1040.9790279166668,553.3816666666668,-155939.08550958332,1.0052374999999996,553.5
1042.195185185185,-155230.043985,1.0016959259259264,1042.097641875,553.5089583333335,-155138.28566854165,1.0019727083333334,553.6
1041.28875,-153845.327595,1.0042858333333333,1042.1965208333334,553.6562500000001,-154337.48583458332,1.0016866666666664,553.7
1042.9466666666665,-153545.02765500004,0.9995281250000004,1042.2891425,553.7089583333333,-154037.18589479168,1.0014166666666664,553.8
1041.5425,-152944.427775,1.0035841666666665,1042.4121116666668,553.7908333333332,-153436.58601499998,1.0010666666666668,553.9
1041.5585416666659,-152443.92787500002,1.0035166666666673,1042.2016533333333,553.894375,-152936.08611437498,1.00167375,554.0
1042.9204166666666,-151843.32799500003,0.9995891666666666,1041.8569566666663,554.01625,-152335.48623416663,1.002657083333333,554.1
1043.1186111111108,-151342.82809500003,0.9990094444444444,1042.4857499999996,554.1016666666667,-151834.98633472223,1.0008405555555555,554.2
1042.6808333333333,-150942.428175,1.0002716666666667,1042.9277766666667,554.1816666666667,-151434.586415,0.9995616666666668,554.3
1042.767222222222,-150542.02825500004,1.0000305555555555,1042.9696625000001,554.2786111111111,-151034.186495,0.9994397222222227,554.4
1040.5400000000002,-150141.628335,1.0064766666666667,1042.507555,554.3725000000001,-150633.786575,1.0007816666666665,554.5
1043.6187499999999,-149841.328395,0.9975995833333333,1042.4452504166666,554.4570833333333,-150333.486635,1.0009679166666665,554.6
1043.384166666667,-149541.028455,0.9982633333333335,1042.6239166666667,554.5324999999999,-150033.186695,1.0004599999999997,554.7
1041.6804166666664,-149040.528555,1.0032072916666672,1042.6672431250001,554.6897916666667,-149532.68679500002,1.0003493749999997,554.8
1042.3808333333334,-148540.028655,1.0011741666666667,1041.8919433333333,554.8125,-149032.18689500002,1.0025916666666668,555.0
1043.0216666666663,-148239.728715,0.999304583333333,1041.8153820833331,554.9025,-148731.886955,1.0028120833333332,555.1
1042.7669444444446,-147739.22881500004,1.0000261111111113,1042.6458150000003,555.0761111111111,-148231.3870544444,1.0003886111111109,555.2
1043.2158333333336,-147338.82889500004,0.9987458333333333,1042.9896808333335,555.1816666666667,-147830.987135,0.9993875000000002,555.3
1044.06375,-147038.528955,0.9963099999999998,1043.315457916667,555.2570833333333,-147530.68719499998,0.9984558333333332,555.4
1044.1062499999996,-146638.129035,0.9961891666666666,1043.5750633333332,555.3625,-147130.28727499998,0.9977141666666668,555.5
1042.6245833333332,-146237.729115,1.0004683333333333,1043.64922875,555.4770833333333,-146729.88735416665,0.997505,555.6
1044.4624999999996,-145837.329195,0.9951766666666666,1043.38575625,555.5770833333332,-146329.48743458334,0.9982683333333336,555.7
1041.8195833333332,-145436.929275,1.002770833333333,1043.24166625,555.6770833333334,-145929.087515,0.998689166666667,555.8
1042.260833333333,-145036.529355,1.0014841666666665,1042.9140633333334,555.7770833333333,-145528.687595,0.9996224999999997,555.9
1043.8766666666666,-144636.12943500004,0.9968520833333333,1042.6024375000004,555.8770833333333,-145128.287675,1.0005133333333334,556.0
1042.273333333333,-144235.729515,1.00147875,1042.9683470833336,555.9770833333333,-144727.88775499997,0.9994599999999999,556.1
1040.1408333333334,-143935.429575,1.0076133333333332,1042.7711124999998,556.0524999999999,-144427.58781499998,1.0000383333333334,556.2
1040.1577777777777,-143535.029655,1.0075927777777778,1041.3047269444444,556.1688888888889,-144027.187895,1.0042766666666665,556.3
1041.5488888888895,-142934.429775,1.0035511111111115,1040.6154355555555,556.3458333333333,-143426.588015,1.0062630555555552,556.5
1039.9654166666667,-142433.92987500003,1.0081533333333335,1041.0596454166664,556.4825,-142926.088115,1.0049716666666664,556.6
1037.8058333333333,-142133.62993500003,1.0144900000000001,1040.53518,556.5616666666666,-142625.78817416666,1.006505,556.7
1042.4613888888887,-141733.23001499998,1.0009200000000003,1040.3656616666667,556.6688888888889,-142225.38825472223,1.0070030555555556,556.8
1041.6745833333332,-141232.730115,1.0032016666666668,1041.5253125,556.7970833333333,-141724.888355,1.003642916666667,556.9
1041.932083333333,-140832.33019500002,1.0024520833333335,1042.3040970833333,556.8816666666667,-141324.48843499998,1.0013808333333334,557.0
1041.198333333333,-140431.930275,1.00457,1041.69857625,556.9770833333333,-140924.08851458333,1.0031308333333335,557.1
1040.8712500000001,-140031.530355,1.00554125,1041.4769795833333,557.0770833333332,-140523.68859499999,1.0037691666666673,557.2
1040.8425000000004,-139731.230415,1.0056,1040.9890008333334,557.1525,-140223.388655,1.0051866666666667,557.3
1041.5670833333336,-137579.08084500002,1.0035243750000005,1041.2655458333331,557.3435416666667,-138071.239085,1.0043885416666662,557.4
1041.4206250000004,-134475.981465,1.0039340625000004,1041.4835992708333,557.4888541666666,-134968.13970499998,1.0037565625000002,557.5
1041.167592592593,-134081.14265500003,1.0046710185185186,1041.2296772222226,557.5878703703705,-134573.30089500002,1.0044907407407406,557.6
1041.3047916666662,-133074.581745,1.0042820833333337,1041.24973625,557.648125,-133566.739985,1.0044364583333338,557.7
1041.2215625000001,-133299.8067,1.004512604166667,1041.513674270834,557.7594791666667,-133791.96494,1.0036713541666664,557.8
1042.163095238096,-132695.6318207143,1.001785357142858,1041.248117261905,557.8776190476192,-133187.7900607143,1.0044407142857137,557.9
1040.9029166666674,-135887.39118300003,1.0054329166666676,1041.021864,557.9639166666668,-136379.549423,1.005085166666667,558.0
1041.8340000000005,-131523.03205500002,1.0027476666666673,1041.6920524999996,557.9776666666664,-132015.19029499998,1.0031533333333331,558.1
1041.2083333333333,-128520.032655,1.0045433333333331,1042.4313891666668,558.0524999999999,-129012.190895,1.0010108333333332,558.2
1040.5633333333335,-128119.63273500002,1.0064127777777783,1041.7130188888889,558.1755555555557,-128611.79097500001,1.0030849999999998,558.3
1040.5554166666668,-127619.132835,1.0064479166666669,1040.8116808333336,558.3179166666666,-128111.291075,1.0056983333333331,558.5
1041.6249999999998,-127318.832895,1.0033341666666666,1040.5001258333334,558.4125,-127810.991135,1.006599166666667,558.6
1040.9336111111106,-126918.432975,1.005338888888889,1040.779208611111,558.5561111111111,-127410.591215,1.0057899999999997,558.7
1040.0275000000001,-126518.033055,1.0079816666666668,1040.92957,558.6725,-127010.19129500001,1.00535,558.8
1040.5075,-126317.83309500001,1.0065658333333332,1040.7417491666665,558.7325000000001,-126809.99133499998,1.0058966666666667,558.9
1041.2638888888887,-125917.433175,1.0043997222222223,1040.54411,558.8525,-126409.59141499999,1.0064752777777781,559.0
1043.68,-125517.03325500002,0.9974016666666667,1041.2798333333335,558.9725,-126009.19149499999,1.0043499999999999,559.1
1041.5570833333334,-125216.73331500002,1.0035354166666668,1041.8243,559.0570833333334,-125708.891555,1.0027737500000002,559.2
1041.3524999999997,-124816.33339499998,1.0041129166666665,1042.0963545833333,559.1625,-125308.491635,1.0019770833333335,559.3
1040.7858333333327,-124215.73351499999,1.0057654166666676,1041.32507375,559.3575,-124707.89175499999,1.0042006249999993,559.5
1040.4,-123715.23361500002,1.0068741666666665,1040.8743200000001,559.4925,-124207.391855,1.0055100000000001,559.6
1038.8508333333332,-123515.03365499999,1.0113675000000002,1040.4796808333333,559.5416666666666,-124007.191895,1.0066516666666667,559.7
1040.6179166666664,-123214.733715,1.0062462499999998,1040.0605075,559.6225000000001,-123706.89195500001,1.0078637499999998,559.8
1040.1425000000004,-122714.233815,1.007633888888889,1040.0893797222225,559.7858333333334,-123206.392055,1.0077800000000003,559.9
1040.7416666666666,-122213.733915,1.0058758333333333,1040.4362845833336,559.9225,-122705.89215500001,1.006775416666667,560.1
1039.6795833333335,-121813.333995,1.0090054166666667,1040.32490375,560.0425,-122305.492235,1.0071045833333334,560.2
1041.7570833333332,-121312.83409500001,1.0029429166666666,1040.4608887499999,560.2025,-121804.99233499997,1.0067162499999998,560.3
1039.655,-121312.83409500001,1.0090700000000001,1040.4428608333333,560.2125,-121804.992335,1.0067691666666665,560.4
1040.303333333333,-120712.23421500002,1.0071563888888886,1040.686018333333,560.3688888888888,-121204.392455,1.0060580555555552,560.5
1040.3262500000003,-120211.734315,1.007092916666667,1040.4674224999999,560.4870833333333,-120703.89255500001,1.0066841666666668,560.6
1039.4225,-119811.33439500001,1.0097258333333332,1040.0047079166666,560.5816666666667,-120303.49263499999,1.008029166666667,560.7
1040.6591666666668,-119511.03445500002,1.0061658333333334,1039.7715133333334,560.6525,-120003.19269499999,1.0087133333333334,560.8
1040.2720833333333,-119210.734515,1.0072516666666669,1039.9882841666665,560.7425,-119702.892755,1.0080866666666661,560.9
1039.1850000000002,-118910.434575,1.0104374999999999,1040.1274583333332,560.8325000000001,-119402.59281499998,1.0076824999999998,561.0
1037.9022222222225,-118510.03465500001,1.0142008333333337,1039.2167366666667,560.9658333333333,-119002.192895,1.0103522222222223,561.1
1039.7825,-118009.53475500002,1.0086908333333333,1038.5218266666666,561.0970833333333,-118501.692995,1.0123862499999998,561.2
1038.6437500000002,-117609.13483500002,1.0120566666666668,1039.0350554166664,561.1816666666666,-118101.293075,1.0108812500000002,561.3
1039.561666666667,-117308.83489500002,1.0093283333333334,1039.3157083333333,561.2524999999999,-117800.993135,1.01007,561.4
1040.4333333333332,-117008.534955,1.006797916666667,1039.4559654166667,561.3425000000001,-117500.693195,1.0096587499999996,561.5
1040.9983333333332,-116608.13503500003,1.0051733333333333,1040.0461804166664,561.4625,-117100.293275,1.0079454166666668,561.6
1040.3645833333333,-116207.735115,1.006999583333333,1040.5874029166669,561.5770833333332,-116699.89335500001,1.0063574999999998,561.7
1039.86,-115707.23521500001,1.0084586111111111,1040.445198888889,561.6986111111112,-116199.39345500001,1.0067630555555553,561.8
1039.071666666667,-115306.835295,1.0107249999999999,1039.8927366666667,561.7816666666666,-115798.99353500002,1.0083624999999998,561.9
1040.4147222222218,-114906.43537500002,1.006856388888889,1039.7767080555554,561.8786111111111,-115398.593615,1.008701388888889,562.0
1040.875,-114405.935475,1.0055349999999998,1040.3465470833332,561.9970833333332,-114898.09371500001,1.0070491666666663,562.1
1039.635,-113755.285605,1.009127291666667,1040.2369064583338,562.1289583333333,-114247.44384500002,1.007380625,562.2
1039.7375,-113304.83569500002,1.0088212499999998,1039.7840425000002,562.2062500000001,-113796.99393499999,1.0086974999999996,562.3
1042.8177777777773,-112704.23581500002,0.9998744444444443,1040.737783611111,562.2980555555555,-113196.39405499998,1.0059227777777777,562.4
1040.8316666666667,-112303.83589500001,1.0056441666666667,1041.5938325,562.3725000000001,-112795.994135,1.0034333333333332,562.5
1040.4958333333332,-111803.33599500002,1.0066272916666672,1041.409395625,562.499375,-112295.49423499999,1.0039635416666666,562.6
1041.324166666667,-111302.83609500002,1.0042166666666668,1040.7530708333334,562.6016666666667,-111794.994335,1.00588,562.7
1039.519285714286,-108900.436575,1.0094558333333337,1039.647625,562.7955952380951,-109392.594815,1.0090842857142863,562.8
1038.9348148148144,-108144.12561499998,1.0111676851851852,1039.0112609259256,562.8639814814813,-108636.28385499999,1.0109470370370366,562.9
1038.9892857142866,-107584.83683785716,1.0109886904761904,1039.2202793452384,562.9699404761899,-108076.99507785712,1.010319226190477,563.0
1038.7376666666662,-105537.07724700002,1.0117155000000004,1038.6813143333334,563.029,-106029.23548700001,1.011881,563.1
1039.9708333333333,-104095.637535,1.008136666666667,1038.7726116666665,563.1016666666667,-104587.795775,1.0116200000000002,563.2
1039.4086111111114,-103695.237615,1.0097547222222225,1039.2657877777776,563.1816666666667,-104187.395855,1.0101794444444439,563.3
1040.2047222222225,-103094.637735,1.0074644444444447,1039.8284955555555,563.315,-103586.79597499999,1.008542222222222,563.4
1038.3946666666664,-102293.83789499999,1.0127548333333338,1039.3537671666668,563.4431666666667,-102785.99613499998,1.0099428333333331,563.5
1038.5041666666668,-101693.238015,1.012435,1038.1670133333334,563.5108333333333,-102185.39625500001,1.0134241666666666,563.6
1039.0072222222225,-101292.838095,1.0109480555555557,1038.4347583333335,563.5816666666667,-101784.996335,1.0126402777777777,563.7
1040.2749999999999,-100892.438175,1.0072366666666668,1039.1119583333332,563.6725,-101384.59641500002,1.01065,563.8
1038.545208333333,-100391.93827500001,1.0123147916666675,1039.214319375,563.7993749999999,-100884.09651499998,1.0103481250000004,563.9
1038.8941666666667,-99791.33839499998,1.0112662500000003,1038.54227125,563.91625,-100283.49663499999,1.0123154166666668,564.0
1038.2505555555556,-99290.83849500002,1.0131747222222223,1038.3334175,564.0016666666667,-99782.996735,1.0129250000000003,564.1
1037.9808333333335,-98790.338595,1.0139475,1038.2835625,564.1016666666667,-99282.496835,1.0130725000000005,564.2
1038.4304166666668,-98189.738715,1.012626666666667,1038.3252156249998,564.2189583333333,-98681.896955,1.0129435416666668,564.3
1040.6583333333335,-97689.238815,1.0061133333333332,1038.6459425,564.3016666666666,-98181.39705500001,1.0119966666666664,564.4
1037.9127777777776,-97288.838895,1.0141475000000002,1038.8218230555553,564.3816666666667,-97780.99713500001,1.0114780555555554,564.5
1037.7825,-96688.239015,1.0145391666666668,1038.4952775,564.5416666666666,-97180.397255,1.0124466666666667,564.6
1038.9075,-96688.23901500001,1.0112333333333334,1038.4211670833333,564.5325,-97180.39725500002,1.0126595833333336,564.7
1038.6416666666669,-96187.739115,1.0120183333333332,1038.258729166667,564.6625,-96679.89735499998,1.0131404166666664,564.8
1038.8608333333332,-95687.23921500001,1.0113619444444446,1038.5989266666666,564.7919444444445,-96179.39745500001,1.012138888888889,564.9
1038.3183333333334,-95186.739315,1.0129608333333335,1038.6962708333333,564.9016666666668,-95678.89755499999,1.0118450000000003,565.0
1035.8316666666667,-94886.439375,1.0202725,1038.1774316666665,564.9616666666667,-95378.59761500002,1.0133750000000001,565.1
1038.127222222222,-94486.039455,1.013516111111111,1037.7781105555557,565.0688888888889,-94978.19769499998,1.0145441666666666,565.2
1037.2812500000002,-93985.53955500001,1.01599625,1037.6932791666666,565.1970833333335,-94477.697795,1.0147937500000004,565.3
1037.1591666666666,-93585.13963500001,1.0163837500000001,1037.7321729166667,565.2816666666666,-94077.29787499999,1.0146825000000002,565.4
1038.66625,-93184.73971500002,1.0119529166666663,1037.52439625,565.3770833333333,-93676.897955,1.01529375,565.5
1038.5741666666663,-92784.33979499999,1.0122070833333334,1037.9969237499997,565.4770833333333,-93276.498035,1.01391625,565.6
1037.5275,-92283.83989500001,1.0152830555555559,1038.0962175000002,565.598611111111,-92775.998135,1.013618333333333,565.7
1037.5133333333335,-91883.43997500003,1.0152933333333334,1037.827834166667,565.6816666666667,-92375.598215,1.0143933333333333,565.8
1037.279722222222,-91483.04005499999,1.0159947222222225,1037.6629169444445,565.7786111111111,-91975.198295,1.0148719444444445,565.9
1036.9929166666666,-90982.540155,1.016855833333333,1037.1352220833335,565.8970833333335,-91474.698395,1.0164241666666667,566.0
1037.0545833333338,-90582.140235,1.0166666666666668,1037.1031325000001,565.9816666666667,-91074.298475,1.016523333333334,566.1
1037.5791666666669,-90181.740315,1.0151004166666668,1037.2157704166668,566.0770833333332,-90673.898555,1.01618875,566.2
1036.9413333333325,-83354.92167899999,1.0169975000000004,1037.3523785,566.3236666666668,-83847.07991899997,1.0157898333333333,566.3
1037.0877499999992,-84436.00146300001,1.0165869166666661,1036.8765735833338,566.3918333333327,-84928.159703,1.017205,566.4
1037.2454166666662,-85051.61634000001,1.0161098958333326,1036.7844339583332,566.4460416666668,-85543.77458,1.0174751041666665,566.5
1037.2455208333322,-83925.49156499999,1.0161138541666659,1036.9659699999997,566.573125,-84417.64980500001,1.0169356250000001,566.6
1035.6263333333327,-84596.16143100001,1.0208965000000003,1036.8734696666666,566.6861666666667,-85088.31967099999,1.0172065,566.7
1035.6546874999997,-83199.76671000001,1.0208009374999996,1036.3155954166668,566.7469791666667,-83691.92495,1.0188489583333333,566.8
1035.9972916666657,-84100.66652999999,1.0197835416666658,1036.0031963541664,566.8594791666666,-84592.82476999999,1.0197719791666668,566.9
1035.9517857142853,-82559.84183785717,1.0199283333333338,1035.6264346428572,566.9455952380952,-83052.00007785713,1.0208894047619048,567.0
1034.8412500000002,-82073.641935,1.023215,1035.94166625,566.9325,-82565.800175,1.0199508333333334,567.1
1036.3947222222223,-77469.042855,1.018591388888889,1035.6085280555553,567.0786111111112,-77961.20109500001,1.0209286111111109,567.2
1035.111666666667,-76968.54295500001,1.0224716666666664,1035.8889454166663,567.1970833333335,-77460.701195,1.0201041666666668,567.3
1035.6829166666666,-76568.143035,1.0207187499999997,1035.7141466666665,567.2816666666666,-77060.301275,1.0206458333333335,567.4
1036.8895833333333,-76167.74311499999,1.0171483333333333,1035.6209654166666,567.3770833333333,-76659.901355,1.0209241666666666,567.5
1037.2291666666665,-75667.243215,1.0161372222222222,1036.6738980555558,567.4986111111112,-76159.40145499998,1.0177880555555556,567.6
1036.9183333333333,-75266.84329500001,1.0170533333333334,1037.1316808333333,567.5816666666667,-75759.00153499999,1.0164291666666665,567.7
1036.4945833333338,-74966.543355,1.0183291666666663,1037.0775829166666,567.6570833333333,-75458.70159499999,1.0165920833333337,567.8
1037.0208333333333,-74666.243415,1.0167891666666666,1036.736875,567.7325000000001,-75158.401655,1.0176049999999999,567.9
1037.617916666667,-74365.943475,1.0150108333333334,1037.0062633333332,567.8379166666667,-74858.101715,1.0168175000000002,568.0
1035.2855555555557,-73865.44357500001,1.0218916666666664,1036.5628791666668,567.9888888888889,-74357.601815,1.0181283333333337,568.1
1036.0362500000003,-73364.943675,1.0196758333333336,1035.9094866666667,568.1016666666667,-73857.10191500002,1.0200470833333333,568.2
1033.4933333333336,-73064.64373499999,1.0272158333333332,1035.474445,568.1616666666666,-73556.801975,1.0213366666666666,568.3
1035.269166666667,-72764.34379500001,1.0219449999999999,1035.3435825,568.2425,-73256.50203499998,1.0217229166666664,568.4
1035.7833333333335,-72363.94387500001,1.0204020833333332,1035.0896874999999,568.3625,-72856.102115,1.022480416666667,568.5
1034.825,-72063.643935,1.0232700000000001,1035.1919716666669,568.4525,-72555.802175,1.0221675000000001,568.6
1033.3462500000003,-71763.34399500002,1.0276570833333334,1034.9908816666664,568.5425,-72255.502235,1.0227641666666665,568.7
1035.7620833333337,-71362.944075,1.0204591666666665,1034.4925,568.6625,-71855.102315,1.024242916666667,568.8
1035.610416666667,-70962.54415500003,1.0209012499999999,1034.8287433333333,568.7770833333333,-71454.702395,1.0232400000000001,568.9
1034.8266666666668,-70662.24421500001,1.0232175000000001,1035.3047641666665,568.8525,-71154.402455,1.0218183333333333,569.0
1035.8425000000002,-70261.844295,1.0202541666666665,1035.7135091666664,568.968888888889,-70754.002535,1.0206094444444447,569.1
1033.93,-69861.44437499999,1.0259383333333334,1035.3923608333332,569.0725000000001,-70353.602615,1.0215783333333333,569.2
1034.7125000000003,-69561.14443500001,1.0236304166666668,1035.1311670833334,569.1570833333333,-70053.30267499998,1.0223695833333335,569.3
1035.6708333333331,-69060.64453500001,1.0207780555555552,1035.3379913888891,569.2888888888889,-69552.80277499999,1.0217633333333334,569.4
1032.9516666666666,-68660.244615,1.02885,1035.1565683333336,569.3816666666667,-69152.402855,1.0223041666666666,569.5
1034.2891666666671,-68259.844695,1.0248341666666665,1034.2970616666669,569.4870833333332,-68752.002935,1.0248495833333333,569.6
1033.9083333333335,-68059.64473500001,1.0260041666666666,1033.97361125,569.5425,-68551.802975,1.0258054166666664,569.7
1035.7495833333337,-67559.144835,1.020525,1034.4526183333337,569.6770833333334,-68051.303075,1.0243729166666669,569.8
1034.6750000000002,-67158.74491499999,1.0237191666666667,1035.0270970833335,569.7670833333334,-67650.903155,1.0226641666666667,569.9
1033.571666666667,-66758.34499499999,1.0270345833333334,1034.7058954166666,569.8770833333333,-67250.503235,1.0236366666666668,570.0
1035.3900000000003,-66257.845095,1.0215672222222223,1034.3245366666667,569.9986111111112,-66750.00333499999,1.0247719444444447,570.1
1034.1193749999998,-65557.145235,1.0253706249999999,1034.9679933333332,570.1720833333334,-66049.303475,1.022828125,570.3
1032.466666666667,-65056.64533500001,1.0303091666666668,1034.0692766666666,570.2925,-65548.803575,1.025519166666667,570.4
1033.128611111111,-64656.24541500001,1.0283666666666664,1033.4260822222222,570.3816666666667,-65148.403655,1.0274563888888888,570.5
1033.691666666667,-64055.64553500002,1.0266424999999997,1033.3125625,570.5216666666666,-64547.80377500001,1.0278008333333328,570.6
1034.3837500000004,-63855.44557499999,1.0245745833333335,1033.5304795833333,570.5670833333334,-64347.60381499999,1.0271483333333336,570.7
1032.9909722222212,-60718.979535,1.0287186111111113,1033.370824166667,570.7920833333334,-61211.137775,1.0275877777777778,570.8
1033.3419791666663,-59626.22142000001,1.027661875,1032.8808994791666,570.8959374999991,-60118.37966,1.0290567708333336,570.9
1032.9003124999997,-60301.896284999995,1.0290078124999997,1032.9384860416667,570.9519791666667,-60794.05452500001,1.0288862500000002,571.0
1031.4697619047615,-59594.04642642857,1.033309404761905,1032.5850235714288,571.0705952380952,-60086.204666428566,1.029958333333333,571.1
1031.3485714285712,-59622.64642071429,1.0336966666666667,1031.3304804761906,571.1172619047619,-60114.804660714275,1.0337414285714286,571.2
1029.850416666667,-56147.747115000006,1.0382345833333333,1031.2875979166668,571.1770833333334,-56639.905354999995,1.0338599999999998,571.3
1030.1174999999998,-55647.24721500001,1.0374266666666667,1030.1146208333337,571.298611111111,-56139.40545499999,1.0374297222222222,571.4
1031.8536111111111,-55046.647335,1.0321380555555555,1030.667116111111,571.4180555555556,-55538.805575000006,1.0357561111111109,571.5
1030.3395833333336,-54546.14743500001,1.0366854166666666,1031.4033537500002,571.5016666666666,-55038.305675,1.0334975,571.6
1029.6620833333336,-54045.647535,1.0387766666666665,1030.2571799999998,571.6116666666667,-54537.80577500001,1.0369620833333333,571.7
1029.6641666666665,-53711.980935,1.0387805555555554,1029.7925511111114,571.6852777777779,-54204.13917499999,1.0383775,571.8
1031.3937500000004,-53144.747715000005,1.0335149999999997,1030.2923404166665,571.79625,-53636.90595499999,1.0368687500000002,571.9
1031.7833333333335,-52644.24781500001,1.0323125,1030.9203341666669,571.9216666666666,-53136.406055,1.0349508333333333,572.0
1030.0266666666669,-52644.247815,1.0376429166666665,1030.8274783333331,571.9179166666667,-53136.406055,1.0352329166666665,572.1
1031.7447222222224,-52043.64793500001,1.0324661111111113,1030.8653152777779,572.0852777777777,-52535.806175000005,1.035106666666667,572.2
1030.2970833333336,-51543.14803500002,1.036833333333333,1031.2275216666665,572.1970833333335,-52035.306275,1.0340195833333334,572.3
1031.3125000000005,-51142.748114999995,1.0337466666666666,1031.3438404166666,572.2816666666666,-51634.906354999985,1.033672083333333,572.4
1030.9527777777782,-50642.248215,1.0348122222222222,1030.9425833333337,572.4294444444445,-51134.40645499999,1.0348658333333336,572.6
1031.6058333333337,-50141.748315000004,1.0328387499999998,1031.0186041666666,572.5824999999999,-50633.906554999994,1.0346150000000003,572.7
1032.631666666667,-49841.44837500001,1.0297516666666666,1031.3647358333335,572.6616666666666,-50333.606615,1.0335675000000002,572.8
1032.6400000000003,-49441.04845500001,1.0297377777777776,1032.1153427777779,572.7688888888889,-49933.206695,1.0313138888888889,572.9
1032.0783333333331,-49040.64853500001,1.0314150000000002,1032.5504858333331,572.8725000000001,-49532.806775,1.0300025000000002,573.0
1028.7508333333335,-48840.44857499999,1.04148,1032.0258883333336,572.9324999999999,-49332.606815,1.0315866666666667,573.1
1030.3425000000002,-48440.048655000006,1.036685,1030.7076888888887,573.0525,-48932.206894999996,1.035568888888889,573.2
1030.4875000000002,-48039.648734999995,1.0362566666666666,1030.0753883333332,573.1725,-48531.80697499999,1.0374908333333333,573.3
1030.6270833333335,-47739.348795,1.0357966666666667,1030.5304295833332,573.2570833333333,-48231.507034999995,1.0361129166666663,573.4
1029.6733333333339,-47338.94887500001,1.0386745833333333,1030.6105154166664,573.3625,-47831.10711499999,1.0358579166666664,573.5
1029.3529166666674,-46938.54895500001,1.0396479166666663,1029.8168266666669,573.4770833333333,-47430.707195,1.038247083333333,573.6
1030.9554166666671,-46538.14903500001,1.0347933333333332,1029.8045495833335,573.5770833333332,-47030.307275,1.038277916666667,573.7
1029.185416666667,-46137.74911500002,1.04015125,1030.1193612499999,573.6770833333334,-46629.907355,1.0373233333333334,573.8
1029.3883333333335,-45737.349194999995,1.03954,1029.8416329166664,573.7770833333333,-46229.50743500001,1.038165833333334,573.9
1029.6266666666668,-45437.04925500001,1.0388149999999998,1029.4635683333333,573.8525,-45929.20749500001,1.0393141666666668,574.0
1028.747222222222,-45036.649335,1.0415486111111112,1029.2239722222223,573.968888888889,-45528.807574999984,1.040058333333333,574.1
1030.1433333333337,-44436.04945500001,1.0372841666666666,1028.7661945833336,574.1216666666668,-44928.20769499999,1.0414783333333333,574.2
1028.1829166666669,-44235.84949500001,1.0432762500000001,1028.84059625,574.1670833333334,-44728.00773499999,1.0412583333333332,574.3
1027.432777777778,-43635.24961500001,1.0455163888888885,1028.8890458333335,574.295,-44127.407855,1.0411052777777776,574.4
1027.5361111111113,-43034.649735,1.0452147222222221,1027.8691347222223,574.4458333333333,-43526.807975,1.0441980555555554,574.6
1027.9966666666667,-42634.249814999996,1.0437908333333332,1027.3870275,574.5524999999999,-43126.408055,1.0456691666666666,574.7
1028.4083333333335,-42333.94987500001,1.0425525,1027.7475975,574.6525,-42826.108115,1.0445670833333334,574.8
1029.141666666667,-41833.449974999996,1.0402980555555559,1028.4230511111111,574.7888888888889,-42325.608214999986,1.0425008333333332,574.9
1028.229166666667,-41232.850095,1.0430841666666666,1028.8456533333333,574.9416666666667,-41725.008335,1.0411991666666667,575.0
1028.9216666666669,-41232.85009500001,1.0409775000000001,1028.9044166666667,574.9370833333334,-41725.00833499999,1.041025,575.1
1028.1570833333337,-40732.35019500001,1.0433175,1028.683347916667,575.0625,-41224.508434999996,1.0416991666666664,575.2
1025.9305555555557,-40231.850295000004,1.0501783333333334,1027.3154211111112,575.1919444444444,-40724.008535,1.0459199999999997,575.3
1027.104722222222,-39631.250414999995,1.0465347222222223,1026.679768333333,575.3180555555556,-40123.40865500001,1.047859166666667,575.4
1027.3774999999998,-39030.65053499999,1.0457263888888888,1027.4768241666668,575.4488888888887,-39522.808775,1.0454058333333334,575.6
1026.805,-38630.250615000004,1.0474491666666668,1027.1505833333333,575.5524999999999,-39122.408855,1.0464091666666668,575.7
1028.332083333333,-38129.75071500001,1.0428166666666667,1027.8338752083334,575.6970833333334,-38621.90895499999,1.044315,575.8
1026.4408333333333,-37629.25081500001,1.0485316666666666,1027.8624716666666,575.8016666666666,-38121.409055000004,1.0442433333333334,575.9
1026.5263888888885,-37228.85089500001,1.0482844444444444,1027.1832547222225,575.8816666666667,-37721.009135,1.0463105555555556,576.0
1028.3058333333336,-36828.45097500001,1.04294,1026.4891816666668,575.9725,-37320.609215,1.0484275,576.1
1027.8925000000002,-36428.05105500001,1.04412,1027.2938469444443,576.0786111111112,-36920.20929500001,1.0459583333333335,576.2
1026.0479166666667,-35927.551155,1.0497783333333333,1027.48258375,576.1970833333335,-36419.70939499999,1.0453854166666665,576.3
1025.6110416666663,-35326.951275,1.0511149999999998,1026.2926389583336,576.3189583333333,-35819.109515,1.0490256249999999,576.4
1024.5895833333332,-34726.351395000005,1.0542608333333334,1025.5017704166664,576.41625,-35218.509634999995,1.0514545833333335,576.5
1026.12875,-34325.951475,1.0494883333333336,1025.2293675,576.4816666666667,-34818.109715,1.0522837499999997,576.6
1025.5421428571428,-33310.651677857146,1.051322619047619,1025.575146309524,576.6638095238095,-33802.80991785715,1.0512188095238095,576.7
1024.7418749999995,-32524.151835,1.0537766666666666,1025.2540862500002,576.7308333333335,-33016.310074999994,1.0522091666666664,576.8
1025.6275000000003,-31723.351995000005,1.051045416666667,1024.6054170833334,576.79625,-32215.510234999998,1.0541866666666666,576.9
1026.167916666667,-31322.95207500001,1.0493741666666667,1025.48677,576.8770833333333,-31815.110315,1.0514666666666665,577.0
1024.7145833333336,-30922.552155,1.0538691666666666,1025.6452495833332,576.9770833333333,-31414.710395000002,1.0509866666666665,577.1
1025.3839583333329,-30321.952275,1.0518097916666667,1025.1715035416664,577.1166666666667,-30814.110515000008,1.0524608333333334,577.2
1025.481666666666,-29180.812503,1.051514333333333,1025.5527218333334,577.2886666666667,-29672.970742999987,1.0512880000000002,577.3
1025.136041666666,-28820.452575000003,1.0525472916666667,1025.3227600000005,577.3035416666667,-29312.610814999993,1.0519960416666667,577.4
1022.7229166666665,-27919.552755000008,1.06005125,1024.9131112500002,577.3962500000001,-28411.710995,1.0532466666666667,577.5
1025.1345833333337,-27519.152834999997,1.0525558333333336,1023.7959858333335,577.4770833333333,-28011.311075000005,1.0567058333333337,577.6
1023.5675,-27118.752915,1.0574266666666667,1023.8187562499999,577.5770833333332,-27610.911155000005,1.056645,577.7
1022.69375,-26718.352994999997,1.06012,1023.9159512500001,577.6770833333334,-27210.511234999994,1.056341666666667,577.8
1023.6245833333332,-26317.953075,1.0572116666666667,1023.4304587499997,577.7770833333333,-26810.11131499999,1.0578358333333335,577.9
1022.9541666666668,-25917.553155,1.05927625,1023.1732095833336,577.8770833333333,-26409.711394999995,1.0586187499999997,578.0
1024.7541666666668,-25517.153235,1.053719583333333,1023.5557220833331,577.9770833333333,-26009.311475,1.0574195833333333,578.1
1024.18125,-25116.753315000005,1.0554949999999999,1023.9412979166668,578.0770833333332,-25608.911555,1.0562329166666669,578.2
1024.2554166666666,-24716.35339500001,1.0552520833333332,1024.34379875,578.1770833333334,-25208.511635,1.0549883333333332,578.3
1023.2758333333335,-24315.953475,1.0583083333333334,1023.9565137500002,578.2770833333333,-24808.111715000003,1.0561887499999998,578.4
1024.1627777777778,-23815.453575,1.055545,1023.8499772222219,578.3986111111111,-24307.611814999997,1.0565169444444442,578.5
1023.2666666666668,-23415.053655000007,1.058345,1023.8468458333335,578.4816666666667,-23907.211894999997,1.0565341666666666,578.6
1022.7575,-23214.853695,1.0599666666666667,1023.7195699999999,578.5324999999999,-23707.011935000002,1.0569358333333334,578.7
1023.2030555555555,-22814.453775,1.058576111111111,1023.2242647222223,578.6525,-23306.612014999995,1.058494722222222,578.8
1022.7904166666667,-22313.953875000003,1.0598245833333333,1023.0311312500003,578.7970833333333,-22806.112115,1.0591020833333333,578.9
1021.8224999999998,-21813.453975000008,1.0628352777777774,1022.8579441666661,578.9016666666666,-22305.612215,1.0596241666666666,579.0
1021.5970833333332,-21312.954075,1.0635104166666665,1022.1808541666666,579.0016666666666,-21805.112315000002,1.0617141666666665,579.1
1023.0583333333329,-20712.354194999996,1.0589689583333335,1022.1071147916664,579.1189583333334,-21204.512435,1.0619327083333334,579.2
1021.5200000000001,-20111.754315000002,1.0638120833333335,1022.76232625,579.21625,-20603.912554999995,1.059902083333333,579.3
1023.2347222222221,-19611.254415000003,1.0584358333333332,1022.5400511111113,579.3016666666666,-20103.412655,1.0606049999999998,579.4
1024.3091666666667,-19210.854495,1.0551041666666667,1022.7187783333334,579.3816666666667,-19703.012735000004,1.0600541666666665,579.5
1023.6112499999996,-18710.354595000004,1.0572372916666664,1023.6345550000004,579.499375,-19202.512835,1.0571870833333337,579.6
1022.626388888889,-18009.654735,1.0603388888888892,1023.5519541666666,579.6277777777777,-18501.812975000004,1.0574297222222224,579.7
1020.0528125000009,-16633.280010000006,1.0683786458333329,1020.673587291667,579.7892708333326,-17125.438249999992,1.066440520833333,579.8
1019.4423333333333,-16007.655135000003,1.0702925000000003,1020.0265414999999,579.8348333333332,-16499.813375,1.0684609999999999,579.9
1020.7171666666666,-14646.295406999996,1.0663056666666668,1020.0272776666666,579.9290000000001,-15138.453647,1.0684558333333338,580.0
1020.261111111111,-13805.455575000002,1.0676961111111112,1020.743124722222,580.0277777777778,-14297.613814999997,1.0662144444444446,580.1
1019.5525000000001,-13405.055654999998,1.06992,1020.1259308333333,580.0816666666667,-13897.213895000003,1.0681408333333335,580.2
1019.5169444444444,-13004.655735000002,1.0700633333333334,1019.6145783333333,580.1786111111111,-13496.813975000003,1.0697405555555553,580.3
1019.1735,-12043.695926999993,1.0711788333333332,1020.1527973333333,580.3729999999996,-12535.854167000003,1.068064666666667,580.4
1020.7883333333335,-12404.055854999999,1.0660816666666666,1020.1527375000001,580.3325000000001,-12896.214095000001,1.0680608333333335,580.5
1019.540833333333,-11102.756115000002,1.0699958333333333,1018.2169716666666,580.4839583333334,-11594.914354999994,1.0741927083333331,580.6
1019.2886111111111,-10402.056254999998,1.070821111111111,1019.4040644444447,580.6247222222223,-10894.214495,1.070456388888889,580.7
1019.2744444444444,-9734.723055000002,1.070836388888889,1019.939245,580.7313888888889,-10226.881295000003,1.068741388888889,580.8
1018.4537878787894,-8418.256651363634,1.073411666666666,1018.6342994696972,580.8705303030299,-8910.414891363633,1.072849166666667,580.9
1017.6099999999998,-7098.756915000001,1.0760966666666667,1018.3453541666664,580.9208333333333,-7590.9151550000015,1.0737508333333332,581.0
1017.9230555555555,-6598.257014999998,1.0750891666666667,1017.6878561111112,581.0016666666668,-7090.415254999994,1.0758419444444447,581.1
1018.5708333333336,-6197.857095,1.0730508333333335,1017.7316791666667,581.0816666666667,-6690.015335000003,1.0756975,581.2
1017.0866666666666,-5697.357195000003,1.077741041666667,1017.7122462499998,581.199375,-6189.515434999998,1.0757689583333336,581.3
1018.0286111111111,-4996.657335000003,1.0747799999999998,1017.6087086111111,581.3277777777779,-5488.8155750000005,1.0760838888888886,581.4
1017.8233333333332,-4496.157435000002,1.0754129166666668,1017.9628891666667,581.4016666666668,-4988.315675000002,1.0749758333333332,581.5
1015.6836111111107,-3995.6575350000007,1.0822177777777775,1017.2335874999998,581.5016666666668,-4487.815775000001,1.0772969444444442,581.6
1015.6133333333332,-3595.2576150000004,1.0824633333333333,1016.2372641666666,581.5816666666667,-4087.4158549999997,1.080455,581.7
1015.3558333333333,-3194.857695,1.0832883333333334,1015.7520100000004,581.6786111111111,-3687.015935000002,1.082006111111111,581.8
1015.4019444444443,-2594.257815000002,1.0831483333333332,1015.2202411111115,581.815,-3086.4160549999983,1.0837258333333333,581.9
1015.1639583333332,-1893.557955,1.0838683333333339,1015.2305516666667,581.9312500000001,-2385.7161950000013,1.0836775,582.0
1014.3850000000001,-1292.9580749999998,1.0863525,1015.1432291666666,582.0370833333332,-1785.116315,1.0839320833333332,582.2
1009.8212500000001,-792.4581749999999,1.1018666666666665,1014.5977562499997,582.1825000000001,-1284.6164149999997,1.08574375,582.3
1008.8254166666667,-592.2582150000002,1.1054804166666667,1012.8642920833337,582.2425,-1084.4164550000003,1.0916095833333332,582.4
908.420909090909,0.0,inf,999.6845454545455,582.42,-492.15824,1.09631,582.5
1011.2550000000002,100.09998,1.0978416666666668,1000.8360833333336,582.4462516666666,-392.05826,1.0971958333333331,582.6
1002.3183333333335,392.0582550000001,1.1266879166666668,991.0248691666665,582.53083,-100.09998499999999,,582.7
994.285,792.4581750000002,1.1538366666666666,985.9512225000002,582.6433333333333,300.299935,,582.8
980.719583333333,1292.958075,1.202341875,989.7092533333335,582.7847916666666,800.7998350000001,1.1672806976744186,582.9
972.1083333333335,1793.457975,1.2343608333333334,981.1152083333335,582.9016666666666,1301.2997349999998,1.2010258333333332,583.0
983.0720833333335,2093.757915,1.1940333333333333,977.6903200000002,582.9616666666667,1601.5996750000006,1.213570833333333,583.1
981.9095833333332,2494.1578349999986,1.198405416666667,978.8217704166665,583.0625,2001.9995950000002,1.2096591666666667,583.2
973.2358333333332,2894.5577550000003,1.2307649999999997,980.7238466666666,583.1979166666666,2402.3995150000005,1.2027966666666667,583.4
973.938888888889,3395.0576549999973,1.2283113888888888,978.0449502777778,583.3694444444445,2902.8994150000017,1.2127341666666664,583.5
956.817777777778,3995.6575350000007,1.2945797222222222,968.4949538888891,583.5180555555556,3503.499295,1.2492680555555558,583.6
956.1779166666666,4496.157435,1.297514166666666,957.9275074999999,583.6016666666667,4003.999194999998,1.2903304166666665,583.7
954.9908333333334,4896.557354999998,1.3021137499999995,956.0878266666665,583.6816666666666,4404.399115000003,1.2977299999999998,583.8
955.2779166666669,5296.9572750000025,1.3011679166666665,955.6843679166667,583.7770833333333,4804.799035000002,1.2994491666666665,583.9
951.1197916666669,5947.607145000002,1.3179427083333333,953.5119620833331,583.9266666666666,5455.448905000004,1.3082304166666667,584.0
949.767777777778,6531.523694999996,1.323603611111111,950.7968794444441,584.0211111111112,6039.365455000003,1.3193155555555556,584.1
949.2912500000002,7098.756914999999,1.325515,949.8848541666667,584.09625,6606.598675000001,1.3230883333333334,584.2
948.6679166666668,7499.156834999999,1.3282245833333335,949.4434508333335,584.1770833333334,7006.998594999998,1.3249525000000002,584.3
947.7424999999998,7999.656735000003,1.3320780555555556,948.5631666666668,584.298611111111,7507.498494999994,1.3286408333333333,584.4
951.7583333333332,8500.156635000005,1.31567625,948.6648116666667,584.4016666666668,8007.998394999998,1.32828,584.5
950.3612499999999,8900.556555000001,1.3214279166666667,950.0759858333334,584.4816666666667,8408.398315000004,1.3225425000000002,584.6
950.9820833333333,9300.956474999999,1.3191295833333332,950.0831808333332,584.5770833333332,8808.798235,1.3226304166666667,584.7
947.7822222222226,9801.456375,1.3321774999999998,949.5365274999998,584.6986111111112,9309.298135,1.3249786111111108,584.8
946.80125,10301.956274999995,1.3363616666666667,948.6257291666666,584.8016666666666,9809.798035,1.3287733333333334,584.9
949.3199999999999,10802.456175000001,1.3257466666666664,947.9728602777777,584.9016666666666,10310.297935,1.3314063888888885,585.0
945.4283333333333,11202.856094999997,1.3418850000000002,948.5919724999999,584.9816666666667,10710.697855000002,1.3288083333333331,585.1
943.5463888888888,11669.989334999998,1.3498777777777777,946.7433386111111,585.098611111111,11177.831094999996,1.336484166666667,585.2
945.3170833333334,12003.655935000003,1.3424945833333337,944.9849804166665,585.1770833333334,11511.497695000005,1.3438345833333338,585.3
943.4702083333336,12704.355795000003,1.3503272916666667,944.2568060416666,585.3139583333333,12212.197554999993,1.3469814583333335,585.4
944.3620833333333,13304.955674999997,1.3467437500000001,943.5833199999998,585.41625,12812.797435000002,1.3498654166666668,585.5
949.5958333333333,13605.255614999996,1.3246516666666668,944.0203475,585.4616666666666,13113.097375,1.3481066666666666,585.6
942.0180555555552,14005.655535,1.3565355555555554,944.5891758333333,585.5688888888889,13513.497295000001,1.3457422222222217,585.7
941.4804166666668,14506.155435,1.3587841666666665,943.1085695833335,585.6970833333335,14013.997194999996,1.3519641666666669,585.8
940.4095833333332,14906.555354999999,1.3634266666666666,941.2782908333334,585.7816666666666,14414.397115,1.3596725,585.9
942.3975000000004,15707.355195000007,1.3551194444444439,941.5934516666665,585.9429166666667,15215.196954999996,1.3584244444444447,586.0
939.7616666666676,16968.614942999997,1.3662763333333332,941.5389833333334,586.0744999999998,16476.456703000007,1.3587638333333332,586.1
940.1347222222217,17342.321534999995,1.364654444444444,940.2206477777781,586.1180555555555,16850.163295,1.3642866666666673,586.2
939.735,18309.954675000004,1.3664012499999998,939.1078481250003,586.21125,17817.796434999997,1.3691185416666662,586.3
941.3566666666666,18810.454575,1.35931,939.8304583333332,586.3016666666666,18318.296335000003,1.3659791666666667,586.4
939.2320833333332,19110.754515,1.3685849999999997,940.110785,586.3616666666667,18618.596274999996,1.3647591666666667,586.5
942.8138888888888,19611.254415,1.3533413888888886,940.3609824999999,586.4888888888889,19119.09617500001,1.3636977777777781,586.6
939.7858333333334,20011.654335,1.3661041666666671,941.3375266666667,586.5816666666667,19519.496095,1.3596233333333334,586.7
949.6766666666667,20211.854295000005,1.3246633333333335,942.9605975000001,586.6324999999999,19719.696054999997,1.3527725000000004,586.8
941.4508333333334,20712.354194999996,1.3590233333333337,943.6959060416666,586.7797916666667,20220.195955,1.3496118749999992,586.9
937.7800000000001,21212.854095,1.3748908333333334,941.3771533333334,586.9016666666666,20720.695855000005,1.3594116666666667,587.0
937.3449999999998,21513.154035000007,1.3768445833333331,939.7921808333334,586.9616666666667,21020.995795,1.36622875,587.1
939.6297916666668,22113.753915000005,1.3671029166666662,939.3861179166665,587.1093749999999,21621.595674999997,1.3681074999999998,587.2
938.1395833333332,22714.353795,1.3733625,938.7868258333336,587.21625,22222.195555000002,1.3706829166666668,587.3
939.506111111111,23214.853694999998,1.3674727777777778,938.3566155555551,587.3016666666667,22722.695455000005,1.3724411111111108,587.4
937.2513888888888,23815.453575,1.3772536111111113,938.7515041666668,587.4180555555556,23323.295335,1.3707352777777777,587.5
938.261388888889,24416.053455000005,1.3729591666666667,937.5072452777778,587.5180555555557,23923.895214999997,1.3761647222222226,587.6
939.6418750000006,25166.80330500001,1.3670502083333333,939.2090760416664,587.64125,24674.645065,1.3688991666666668,587.7
945.0791666666668,25417.053255000003,1.3438166666666669,940.3142083333336,587.6816666666667,24924.895015,1.3641866666666667,587.8
941.2358333333339,26217.853094999995,1.3602481666666675,940.7243166666666,587.8155000000002,25725.694855000005,1.362403,587.9
942.7722222222224,27018.652934999995,1.3537183333333338,942.5100049999999,587.9308333333333,26526.494695,1.3548725000000001,588.0
938.8020833333331,27519.152835,1.370665,942.7412216666668,588.0016666666667,27026.994595,1.3538591666666664,588.1
935.4825000000001,27819.452775,1.3851166666666668,939.2321808333332,588.0616666666667,27327.294535000005,1.3688525,588.2
937.1325000000003,28420.052655000007,1.378049,937.7628274999998,588.2118333333333,27927.894415,1.3752604999999998,588.3
935.6764583333334,29320.952475,1.3843206250000002,935.8737783333332,588.3408333333334,28828.794235000005,1.3834856250000003,588.4
937.0104166666666,30021.65233499999,1.378496666666667,935.8726733333333,588.43625,29529.494095,1.3834487500000001,588.5
934.7760416666669,30472.102245000002,1.3882564583333339,935.9582745833335,588.5139583333333,29979.944004999998,1.3830872916666663,588.6
934.1500000000001,31022.652135000008,1.3910016666666662,935.4268316666668,588.5908333333333,30530.493895000003,1.385415,588.7
936.3543333333334,31623.252015000002,1.3812984999999998,935.4611053333334,588.7176666666668,31131.093775000005,1.3852441666666666,588.8
935.0116666666664,32323.951875,1.3871666666666664,935.9108962500001,588.8208333333334,31831.793635000005,1.3832504166666666,588.9
934.4275000000001,32624.251815,1.3897641666666665,935.6103875,588.8616666666667,32132.093574999995,1.3845458333333331,589.0
933.3706250000001,33174.80170499999,1.3944929166666666,934.4119722916668,589.0043750000001,32682.643465,1.3898570833333332,589.1
933.2496874999998,33717.00993000001,1.3951265624999998,933.5775309374999,589.1131250000001,33224.851689999996,1.3935971875,589.2
